recipientName,totalObligated,popStates,latestStartDate,domain,site_title,confidence,dup_company_id,note
"CM CONSTRUCTION SERVICES, INC.",74296795,"CA",2025-05-13,cmconstructionservices.com,"Home | CM Construction",HIGH,,
"BILLY W. JARRETT CONSTRUCTION COMPANY, INC.",72051655,"AL,CT,MA,NH,SC,TX",2025-09-24,jarrett-inc.com,"Billy W. Jarrett Construction Company, Inc. – A Tradition of Service…",HIGH,340684512973,
"INFRATECH INTERNATIONAL, LLC",72031068,"CA,GU",2025-09-04,infratech.com,"Infratech Official Site - Premium Residential and Commercial Infrared Electric H",HIGH,,
"OVERWATCH AMOROSO LLC",71240694,"CA",2026-05-11,overwatchamoroso.com,"Overwatch | Amoroso | A Joint Venture Between Amoroso Construction & Overwatch C",HIGH,,
"CALVARY CONTRACTING INC",70844444,"IN,OH",2026-07-01,calvarycontracting.com,"Calvary Contracting | Construction | Tipp City, OH",HIGH,330320790245,
"PARAMOUNT CONSTRUCTION GROUP, LLC",70267940,"AL,FL,LA,MS,TN,UT,WY",2026-07-08,paramountgroup.llc,"Paramount Construction Group",HIGH,,
"TECHNI-CON, INC",69731664,"GU",2025-09-18,governmentbidders.com,"Government Bids in United States | Government Bidders",LOW,,
"FLOYD CONSTRUCTION CORP",69528851,"KS",2026-04-08,floydconst.com,"Floyd Construction – Quality Experience and Reliability You Can Trust!",HIGH,340763796171,
"BATES ENGINEERS/CONTRACTORS INC",69428324,"AL,MS",2026-02-26,batesinc.com,"Constructing for Industrial, Energy, Municipal and Military Clients Since 1962 -",HIGH,,
"JOYCE & ASSOCIATES CONSTRUCTION, INC.",69382610,"NC",2025-09-16,joyceandassoc.com,"Joyce & Associates Construction",HIGH,,
"DAWES CONSTRUCTION, LLC",69160143,"CA,TN",2026-06-24,sitevetter.com,"CA Contractor License Lookup | CSLB + 4 Federal DBs | SiteVetter",LOW,,
"BRIDGER NATIONAL CONSTRUCTION LLC",68811830,"CO,IL,OK,UT,WY",2026-05-20,bridger-built.com,"Bridger Construction",HIGH,340733894351,
"KREMPP CONSTRUCTION INC",68635731,"IN",2025-12-11,krempp.net,"Krempp Construction, Inc. - Over 100 Years of Quality & Integrity",HIGH,,
"STRONGHOLD ENGINEERING INC",68328450,"HI",2024-07-31,strongholdengineering.com,"Award-Winning Stronghold Engineering Company in California",HIGH,,
"DANIELS BUILDING CO INC",68270211,"MI",2025-11-20,danielsbuildingcompany.com,"",LOW,340680931042,site unreachable
"ARGUS CJW JV 3 LLC",67955135,"MD,PA,VA",2025-12-22,cisleads.com,"CIS — Construction Project Information for the Northeast - CIS",LOW,,
"VETERANS DEVELOPMENT CORPORATION, INC.",67607219,"MA,NH",2025-12-30,vetdevcorp.com,"Veteran's Development Corporation - Veterans Development Corporation",HIGH,340596184764,
"DIVERSIFIED CONSTRUCTION OF OKLAHOMA, INC.",67476152,"OK",2025-09-27,diversifiedok.com,"General Contracting & Construction Services | Diversified Construction",HIGH,326207863511,
"KRE JV, LLC",66409950,"OK",2025-10-10,check.fedsam.com,"SAM Status Checker — Free SAM.gov Registration Lookup",LOW,,
"ARMCORP CONSTRUCTION INC",65969234,"IN,MI,OH",2026-07-01,armcorpinc.com,"Commercial General Contractor in Celina, OH | Armcorp Construction",HIGH,330370473673,
"HGL CONSTRUCTION INC",64932648,"AR,OK,TX",2024-09-27,hglconstruction.com,"Design Build Construction | HGL Construction | United States",HIGH,,
"R.E.D. CONSTRUCTION SERVICES, LLC",64751755,"MO",2024-08-08,redconstructionllc.org,"R.E.D. Construction: General Contracting & Home Building in Steamboat Springs, C",HIGH,,
"NATIONAL NATIVE AMERICAN CONSTRUCTION, INC.",63531587,"ID,LA,OK,TX,WA",2026-03-02,nnacinc.com,"NNAC Construction",LOW,,
"VETERAN DESIGN & CONSTRUCTION INC",63082836,"MD,PA,WV",2026-02-06,veteran-dci.com,"",LOW,341103998684,site unreachable
"GBA BUILDERS LLC",62918851,"IA,KS",2024-09-19,gbateam.com,"GBA | Home",HIGH,,
"THE TREVINO GROUP, INC.",62330867,"TX",2025-11-04,trevinogroup.com,"The Trevino Group, Inc | General Contracting",HIGH,337019640558,
"PATRICIA I. ROMERO, INC.",61523168,"CA,NV",2025-09-16,bizprofile.net,"Bizprofile – Comprehensive Directory of Registered Businesses in the USA",LOW,,
"BRANTLEY CONSTRUCTION SERVICES, LLC",61020854,"FL,NC",2025-07-24,brantleyconstruction.com,"Home - Brantley Construction",HIGH,,
"REASOR-ASTURIAN JV, LLC",60229567,"LA,NC,TX",2024-09-29,reasorbuildinggroup.com,"Reasor Building Group - SBA 8(a) Certified",HIGH,,
"VRD CONTRACTING INC",60026596,"NY",2025-10-20,vrdcontracting.com,"VRD Contracting, Inc.",HIGH,,
"TL SERVICES, INC.",59615770,"FL,IL",2025-08-05,tlservices.com,"TLS Incorporated",HIGH,340763802339,
"HAKO PLUMBING, INC.",59195401,"HI",2025-01-16,allbiz.com,"AllBiz - United States Business Directory",LOW,,
"EKLUTNA CONSTRUCTION & MAINTENANCE, LLC",58025668,"AK",2025-09-30,eklutnainc.com,"Eklutna Shareholders Growing Alaska Opportunities",HIGH,,
"ROUNDHOUSE-MV JV",57960361,"FL,GA,SD",2025-01-24,round-house.com,"Round House $29 American Made Jeans, Overalls 120 Yrs Jean Made in USA",LOW,,
"NLGC JV LLC",57515880,"GA,MI,NC",2025-06-01,micompanyregistry.com,"Michigan Company Directory",LOW,,
"MIG GOV, LLC",57317175,"VA",2025-09-24,miggov.com,"MIG GOV – Mission Ready Solutions Provider",HIGH,340717887215,
"MILICON INC",57098551,"FL",2025-10-01,milicon.us,"Zuto | A Milicon Inc. Company",HIGH,340619589335,
"NADIAD INC",56559618,"ME,NH",2025-09-16,nadiadinc.com,"Nadiad Inc - Home",HIGH,,
"STRUCTURAL ASSOCIATES INC",55518168,"MA,NY,RI",2025-04-01,gowithsai.com,"Structural Engineering Michigan - Structural Associates Inc",HIGH,,
"CJW JOINT VENTURE",55254638,"CA",2025-09-18,opengovus.com,"OpenGovUS: Open Government Data in United States",LOW,,
"R-CON CONSTRUCTION INC",54750587,"NM",2025-09-24,ryconinc.com,"Rycon Construction, Inc. | General Contracting & Construction Management",HIGH,329725676223,
"FAITH ENTERPRISES INCORPORATED",54502679,"AZ,CO,NM,WY",2025-10-06,faithenterprisesinc.com,"Faith Enterprises Incorporated – General and Electrical contracting company",HIGH,,
"ZODIAC-POETTKER HBZ JOINT VENTURE III, LLC",54050540,"IL,OH",2024-08-01,check.fedsam.com,"SAM Status Checker — Free SAM.gov Registration Lookup",LOW,,
"QA ENGINEERING LLC",53189939,"NM",2024-10-28,qaengineering.com,"QA Engineering, LLC - Home",HIGH,,
"FDCD II JOINT VENTURE, LLC",52653587,"DE,PA",2026-02-05,opengovus.com,"OpenGovUS: Open Government Data in United States",LOW,,
"NAKASATO CONTRACTING LLC",52520590,"HI",2025-10-15,hawaiihomemag.com,"Hawaii Home + Remodeling",LOW,,
"A & H-AMBICA JV LLC",52336139,"GA,MI,OH,TX",2025-12-15,ambicags.com,"Ambica GS",HIGH,,
"V. LOPEZ JR. & SONS GENERAL ENGINEERING CONTRACTORS, INC",52327675,"CA,OR",2025-09-10,vlopezjrandsons.com,"V. Lopez Jr. & Sons | General Engineering Contractor",HIGH,,
"LEMOINE - FRAZIER JV LLC",52207265,"LA",2024-09-16,1lemoine.com,"Home - LEMOINE",HIGH,,
"U.S. VET GENERAL CONTRACTING, LLC",51600013,"WI",2026-03-06,usvetllc.com,"About",HIGH,340637571813,
"ANNA LISA LUNA CONSTRUCTION, INC.",51221394,"CA",2026-04-03,lunaconstruction.net,"ALLC",HIGH,,
"RELIANCE CONSTRUCTION MANAGEMENT COMPANY",50787244,"AL,CA,DC,MA,VA",2025-09-30,reliance-cc.com,"Home",HIGH,345071433442,
"PACIFIC DESIGN BUILDERS, LLC",50347954,"HI",2025-11-01,search.certifications.sba.gov,"SBA Small Business Search",LOW,,
"NORTH WIND CONSTRUCTION SERVICES LLC",50344136,"NV",2025-09-02,northwindgrp.com,"Home - North Wind Group",HIGH,,
"RILEY CONTRACTING GROUP, INC.",50153203,"NC",2026-06-24,rileycontracting.com,"",LOW,340590806776,site unreachable
"SAHARA PALMS INC",49721804,"UT",2025-10-01,saharapalmsinc.com,"Government Construction Contractor | Sahara Palms Inc.",HIGH,,
"G2I JBI LLC",49334575,"CO,NM",2025-10-10,g2iconstruction.com,"G2i",HIGH,,
"DANNER CONSTRUCTION CO INC",49100458,"FL",2025-10-13,dannerinc.com,"Danner Inc — Material Handling, Trucking & Excavation | South St. Paul, MN",HIGH,,
"DAWSON TECHNICAL, INC.",48800000,"HI",2025-12-22,laukoa.com,"",LOW,,site unreachable
"COMMERCIAL CONTRACTING CORP",48455247,"IN,MI",2025-08-28,cccnetwork.com,"",LOW,329642935000,site unreachable
"HDD JV",48330665,"MD,WV",2025-09-30,opengovus.com,"OpenGovUS: Open Government Data in United States",LOW,,
"VIRTEXCO CORP",48088230,"VA",2026-11-15,virtexco.com,"",LOW,,site unreachable
"MITCHELL BROTHERS INC",47707657,"SC",2025-02-24,mitchellbrosinc.com,"Mitchell Brothers",HIGH,,
"EMERSON CONSTRUCTION COMPANY, INC.",46961412,"TX",2025-07-31,eccinc.com,"Emerson Construction",HIGH,,
"D7, LLC",46678323,"CA,HI,NM,TX",2025-07-22,d7.com,"",LOW,,site unreachable
"CHEROKEE CRC LLC",46419578,"PA",2024-09-30,cherokeenationbusinesses.com,"Cherokee Nation Businesses",HIGH,,
"QBS INC",46344559,"FL,KY,OH,SC,TN",2025-09-30,qbs.com,"Crisis Prevention Skills Grounded in Behavioral Science",HIGH,,
"GLOBAL ENGINEERING & CONSTRUCTION, LLC",45758043,"AL,AZ,LA,NY,VA",2025-09-25,gecpmc.com,"",LOW,,site unreachable
"ROUNDHOUSE PBN - TEPA EC 2 JOINT VENTURE",45490494,"GA",2024-09-27,tepa.com,"Tepa Companies | 100% Tribally Owned | Construction Services",LOW,326331157187,
"WARDEN CONSTRUCTION CORPORATION",45434699,"FL,OK",2025-08-01,wardencc.com,"Government Construction | Warden Construction",HIGH,,
"BARON-RAND JV LLC",44984398,"VA",2025-02-24,opencorpdata.com,"OpenCorpData: Online Corporate Business Database",LOW,,
"PORT MADISON CONSTRUCTION CORPORATION",44980582,"AK,WA",2025-09-19,portmadisonconstruction.com,"Expert Construction Solutions | Port Madison Construction",HIGH,,
"MONUMENT CONSTRUCTION SERVICES, LLC",44156242,"CT,MA,ME,NY,PA,RI,TX,VT",2026-07-20,monumentnh.com,"Monument Construction Services, LLC | Service Disabled Veteran Small Business Co",HIGH,342381511381,
"SALAS O'BRIEN FEDERAL, LLC",44150111,"TN",2025-09-30,salasobrien.com,"Salas O'Brien | Multi-Disciplinary Engineering & Consulting",HIGH,,
"CHICKASAW DEFENSE GROUP, LLC",43497606,"MD",2025-09-29,chickasawfederal.com,"home2 | Chickasaw Nation Industries",HIGH,,
"DTS P&L JV2",43409343,"WA",2025-08-22,opengovus.com,"OpenGovUS: Open Government Data in United States",LOW,,
"NIRAM INC",43337000,"NJ",2026-06-11,niram.com,"Niram - General Contractor Construction Management",HIGH,,
"VHB, LLC",43154798,"FL,LA",2024-09-13,vhb.com,"We Are VHB",HIGH,345884893906,
"CDM/CAPE, A JOINT VENTURE",42983144,"NH,NY",2025-02-26,allbiz.com,"AllBiz - United States Business Directory",LOW,,
"WU & ASSOCIATES INC",42802883,"CA,NV",2025-12-09,wuassociates.com,"Homepage | Wu & Associates",HIGH,,
"ARCTIC PEAK LLC",42341751,"FL,MD,VA",2025-12-18,akima.com,"Akima | Government Contractor | Proudly Alaskan",LOW,,
"AYKO GROUP-WA PATRIOT JV, LLC",42259603,"HI,WA",2025-12-08,ayko-group.com,"Ayko Group LLC – An 8(a) and Service-Disabled Veteran-Owned Small Business",HIGH,340648303337,
"BOYER COMMERCIAL CONSTRUCTION INC",42168763,"SC",2025-09-30,boyerconstruction.net,"",LOW,340642966233,site unreachable
"CAPEX CONSTRUCTION LLC",41725560,"AZ,CA,NV,UT",2026-03-31,capexbuilt.com,"Home | CAPEX",HIGH,341143193310,
"BILBRO CONSTRUCTION COMPANY, INC.",41693697,"CA",2025-09-29,bilbroconstruction.com,"",LOW,,site unreachable
"DSQ-API JV LLP",41304627,"CA,HI",2025-09-04,check.fedsam.com,"SAM Status Checker — Free SAM.gov Registration Lookup",LOW,,
"MACRO-Z-TECHNOLOGY COMPANY",40493115,"CA",2026-03-20,mztco.com,"MZT- Macro-Z-Technology - HOME",HIGH,,
"SKYTEK LLC",40112145,"OR,WA",2026-05-05,skytek.com,"Skytek - Space To Innovate",HIGH,,
"IRON SWORD ENTERPRISES, LLC",40092896,"MA,NY",2026-04-10,ironswordllc.com,"",LOW,340684510921,site unreachable
"NISOU ENTERPRISES INC",39980221,"AL,VA",2025-05-14,nisouenterprises.com,"Nisou Enterprises // Serving Kansas, Michigan & New Jersey",HIGH,,
"ETOLIN STRAIT DEVELOPMENT GROUP LLC",39913245,"GA,NC,SC,VA",2025-09-27,nimacorporation.com,"NIMA Corporation | Honoring Heritage, Driving Innovation",HIGH,,
"ABHZEEN ICC JV INC.",39906000,"NY",2024-09-26,united-local.com,"Find Local Businesses Near You - Find Local Businesses Near You",LOW,,
"KELLIE W. TIPTON CONSTRUCTION CO, INC",39408857,"KY",2025-08-25,tiptonconstructionco.com,"Tipton Construction",LOW,,
"MSC DESIGN BUILD LLC",39262631,"UT",2026-05-22,mscdesignbuild.com,"MSC Constructors - Design Build index",HIGH,340737487570,
"MAVERICK CONSTRUCTORS, LLC",39018054,"FL,SC",2025-09-10,maverick-constructors.com,"Maverick Constructors | Heavy Civil & Marine Construction",HIGH,,
"SILVER LAKE CONSTRUCTION LLC",38763808,"OK",2024-10-07,silverlake-construction.com,"Silver Lake Construction | Potawatomi Business Development Corp.",HIGH,,
"TCG CONSTRUCTION INC",38184851,"HI,ID",2026-01-12,thecoregroup.company,"Home | TCG Construction",HIGH,,
"FAR WEST CONTRACTORS CORP",37990574,"CA",2025-10-03,farwestcontractors.com,"Far West Contractors | Commercial General Contractor & SCIF Builder",HIGH,,
"U-SMC/DEMARIA JV1, LLC",37393299,"FL,GA",2024-08-01,fbo.gov.surf,"fbo.gov.surf",HIGH,,
"P & W CONSTRUCTION COMPANY, LLC",37123534,"TN",2025-10-01,pwconstructs.com,"P&W Construction Company | construction | Knoxville, TN, United States",HIGH,,
"ALTECH INC",37116117,"TX",2024-10-15,altec.com,"Altec Inc – Aerial, Digger Derrick, Crane, Tree Care and Utility Products",LOW,,
"ACIERTO LLC",36959004,"AZ,CA,MT,OK,UT,WY",2026-07-06,military-construction.com,"ACIERTO LLC",HIGH,326746156751,
"ISI-MARKON JV LLC",36631593,"VA",2025-05-01,isiwdc.com,"SDVOSB Federal Contractor | ISI Professional Services",HIGH,,
"CAVU CONSULTING LLC",36572011,"FL,IL,MI",2026-08-10,cavuci.com,"Cavu Consulting, Inc. – Ceiling and Visibility… Unlimited!",HIGH,,
"PEM-HARKINS JV LLP",36431392,"NC,PA,WV",2026-03-16,ohio-corp.com,"Just a moment...",LOW,,
"TEAM CONSTRUCTION LLC",36258523,"FL,GA,NC,SC",2024-10-30,teamconstruction.com,"Home - Team Construction LLC",HIGH,,
"KAR CONTRACTING LLC",36221173,"WV",2025-12-01,karcontracting.com,"Home | K.A.R Contracting",HIGH,,
"SAW EASTERN JV, LLC",34915445,"VA",2026-03-30,opengovus.com,"OpenGovUS: Open Government Data in United States",LOW,,
"SDPM JFM CONSTRUCCIONES JOINT VENTURE",34622386,"PR",2026-07-24,console.sweetspotgov.com,"Sweetspot",LOW,,
"TATITLEK UNIVERSAL SERVICES INC",34595375,"OK",2025-05-02,tatitlek.com,"HOME - The Tatitlek Corporation",HIGH,,
"TOMPCO-TRITON JOINT VENTURE",34102898,"WA",2025-09-18,opengovus.com,"OpenGovUS: Open Government Data in United States",LOW,,
"ASRC EARTHWORKS, LLC",33397250,"AK",2024-10-10,asrcconstruction.com,"ASRC Construction",HIGH,,
"VETSPACE CONSTRUCTION SERVICES, LLC",33307614,"MI,OH",2025-06-05,ussbdirectory.com,"Home | USSB Directory",LOW,,
"TRI COAST-PAC TECH JV LLLP",33302643,"WA",2025-11-07,tricoastconstruction.com,"Tri Coast Construction",HIGH,,
"KPH CONSTRUCTION CORP",33255135,"WI",2025-11-03,kphconstruction.com,"Milwaukee Commercial Construction & Environmental Remediation | KPH Construction",HIGH,,
"C & C CONTRACTORS LLC",33222439,"AL,FL,GA,NC,SC,TN",2026-06-23,candccontractors.com,"",LOW,340660879037,site unreachable
"TREND CONSTRUCTION INC",33120394,"GA,NC",2025-10-20,trendconstruction.biz,"Trend Construction, Inc.",HIGH,,
"KEKOLU CONTRACTING, LLC",32750694,"DC,MD",2025-10-15,honuapo.com,"Honu‘apo Family of Companies",HIGH,,
"LEISNOI PROFESSIONAL SERVICES LLC",32289282,"AK,ID,NE,TX",2025-10-23,leisnoi-gs.com,"Leisnoi Government Services – Alaska Native Corporation",HIGH,,
"AVCOR CONSTRUCTION, LLC",32223343,"AR,LA",2025-09-30,avcor-usa.com,"Home | AVCOR CONSTRUCTION",HIGH,340660878056,
"KWAAN-NASCO JOINT VENTURE",31025281,"CO",2025-05-08,nascousa.com,"NASCO",LOW,326713794255,
"SMITH HAFELI INC",30903865,"IL",2026-06-04,smith-hafeli.com,"Smith Hafeli – Business Consulting",HIGH,341104719550,
"TACTICAL SERVICES ORGANIZATION LLC",30263000,"NY",2026-06-29,tactical-services.com,"Home",HIGH,,
"ECC INFRASTRUCTURE LLC",30146317,"CA",2025-04-23,ecc.net,"",LOW,,site unreachable
"BRICAN, INC.",29745885,"CT,MA,ME,NH,RI",2026-06-15,bricaninc.com,"",LOW,340671609547,site unreachable
"COBURN CONTRACTORS, LLC",29539536,"AL,GA",2026-06-15,coburncontractors.com,"",LOW,340707846879,site unreachable
"FOUR TRIBES CIVIL CONSTRUCTION LLC",29473019,"NY",2025-07-01,fourtribes.com,"",HIGH,,
"DESBUILD EG MANAGEMENT SERVICES JV LLC",29357440,"DC,MD",2025-09-26,eg-designbuild.com,"EG DesignBuild",HIGH,,
"ALESSI-KEYES CONSTRUCTION COMPANY",29275964,"AR",2026-03-25,alessikeyes.com,"Home",HIGH,,
"G. L. BRUNO ASSOCIATES, INC.",29222717,"CA",2024-07-17,glbruno.com,"G.L. Bruno Associates – Full scale General Contractor Specializing in Healthcare",HIGH,340650099422,
"ADSERBALLE & KNUDSEN GREENLAND A/S",28947570,"NY",2025-05-20,akg.gl,"AK Greenland",HIGH,,
"TIP TOP CONSTRUCTION CORP",28683055,"PR",2025-09-30,tiptopconstruction.net,"Construction - Tip Top Construction Inc.",HIGH,,
"AMG-METRO, LLC",28644952,"TX",2024-10-09,amg-llc.com,"",LOW,,site unreachable
"HASEN GLOBAL, LLC.",28041678,"LA,TX",2025-09-27,hasenglobal.com,"Hasen Global – Construction Management and Consulting",HIGH,,
"SAWTOOTH CONSTRUCTION JV II LLC",28029336,"MD,WV",2026-05-21,sawtoothllc.com,"Home | Sawtooth Construction",HIGH,,
"H. V. COLLINS COMPANY, INC",27955259,"MA",2024-12-20,hvcollins.com,"Construction Management Firm, General Contracting - H.V. Collins",HIGH,,
"STG PACIFIC, LLC",27752900,"WA",2025-09-26,calistabrice.com,"",LOW,,site unreachable
"SEDONA- NASCO JOINT VENTURE",27641477,"AL",2025-12-17,nascousa.com,"NASCO",LOW,326713794255,
"SENTINEL BUILDERS, LLC",27627847,"CA,NV",2026-08-05,sentinel-builders.com,"SBLLC",HIGH,,
"BRICE BUILDERS, LLC",27508479,"AK",2024-10-30,calistabrice.com,"",LOW,,site unreachable
"IRON MIKE CONSTRUCTION LLC",27374183,"CO,MO,WY",2026-03-27,ironmikeconstruction.com,"",LOW,340698845919,site unreachable
"MACHIS MID-ATLANTIC, INC.",26836588,"FL,MD",2024-09-02,allbiz.com,"AllBiz - United States Business Directory",LOW,,
"DIMENSIONS CONSTRUCTION, INC.",26664553,"CA",2025-02-11,dimensionus.com,"Dimension Construction",LOW,,
"WINSPEAR CONSTRUCTION LLC.",26494684,"ID",2024-08-29,winspearconstruction.com,"Winspear Construction, LLC | Private, State and Federal Construction Projects",HIGH,344056826572,
"PROGRESSIVE CONSTRUCTION SERVICES LLC",26348965,"WI",2026-04-27,pcsgov.com,"Progressive Construction Services, LLC",HIGH,343813477087,
"TLS-CES SERVICES I, LLC",26331306,"CO,NY",2024-09-13,tlservices.com,"TLS Incorporated",HIGH,340763802339,
"JETT'S SPECIALTY CONTRACTING, LLC",26170240,"AR,NC,OH,VA",2026-06-01,jettsspecialty.com,"Jett's Specialty | HVAC & Mechanical Services | Paducah, KY",HIGH,,
"JXR CONSTRUCTORS INC",26130462,"CA",2026-06-29,jxrconstructors.com,"JXR Constructors, Inc. — Veteran-Owned. Precision-Built. Excellence Delivered.",HIGH,340576362177,
"WRIGHT CONTRACTING, INC.",25875887,"TN",2025-05-01,wright-contracting.com,"Wright Contracting: Water Restoration & Construction Services",HIGH,,
"SEALASKA CONSTRUCTORS LLC",25858503,"CA,WA",2025-10-21,woocheen.com,"Home | Woocheen",LOW,,
"WEST COAST JV, LLC",25608608,"NV,UT",2026-03-24,opengovus.com,"OpenGovUS: Open Government Data in United States",LOW,,
"TEEHEE ENGINEERING, INC.",25319996,"CA",2025-09-08,teeheeengineering.com,"Home | Teehee Engineering",HIGH,,
"TUNICA-BILOXI LEMOINE, LLC",25294777,"TX",2025-09-30,tbifederal.com,"Performance & Workforce Solutions",HIGH,,
"RANCO CONSTRUCTION INC",25116626,"NJ",2025-09-15,rancoconstruction.com,"Home | Ranco Construction",HIGH,,
"ABBA CONSTRUCTION, INC.",25030207,"FL",2025-09-29,abbaconstruction.com,":: Welcome ::",HIGH,,
"SAMPSON CONSTRUCTION CO INC",24953269,"NE",2025-06-02,sampson-construction.com,"Sampson Construction - General Contractor, Nebraska, Colorado, Wyoming",HIGH,329713081052,
"CAM MANAGEMENT AND SERVICES, LLC",24753798,"OH",2026-01-29,cammanagementandservices.com,"CAM Management and Services, LLC",HIGH,,
"JACKSON RYAN CONSTRUCTION SERVICES, INC.",24509468,"CT,MA,RI,VT",2026-04-01,ctcompanydir.com,"Connecticut Business Directory",LOW,,
"THE SANCHEZ GROUP OF COMPANIES, LLC",24495485,"MD",2026-03-09,thesanchezgroup.biz,"",LOW,,site unreachable
"GOSHAWK, LLC",24284783,"CO",2025-09-30,tepa.com,"Tepa Companies | 100% Tribally Owned | Construction Services",LOW,326331157187,
"FULL CIRCLE GROUP, INC.",24279036,"NY",2024-09-05,fullcirclegrp.com,"Home - Full Circle Group, LLC",HIGH,,
"TOM HAMMONDS ENTERPRISES, LLC",24221868,"FL",2025-08-27,tomhammondsentllc.com,"",LOW,,site unreachable
"SUH'DUTSING CONTRACTING SERVICES",24172022,"IL,MI,OR,WI",2025-09-19,cedarbandcorp.com,"Cedar Band Corporation |",HIGH,,
"AEONRG LLC",24168880,"KY,NJ,PA",2026-06-09,aeonrg.com,"AEONRG, LLC – Facility Renovation – Specializing in offering comprehensive MEP a",HIGH,341172861635,
"COOPER TACIA GENERAL CONTRACTING COMPANY",24159530,"NC",2025-07-01,coopertacia.com,"Cooper Tacia – General Contractors",HIGH,,
"WESTERLY HSU JV II, LLC",24015486,"MD,VA",2025-04-30,hsubuilders.com,"HSU Development",LOW,,
"RM BUILDERS JV",23769061,"CO,ND",2024-07-09,rm-builders.com,"",LOW,,site unreachable
"VALIANT GROUP LLC",23698274,"NC,NJ,PA,TX",2025-05-13,valiantgrouplink.com,"The Valiant Group | SDVOSB Veteran-Owned General Contractor",HIGH,340644760288,
"MA-CHIS C & C CONTRACTORS LLC",23521199,"GA",2025-10-10,allbiz.com,"AllBiz - United States Business Directory",HIGH,,
"COACTINT LLC",23502642,"LA,MS",2025-02-17,coactint.com,"HOME | Coactint",HIGH,340621387496,
"VETERANS CONSTRUCTION COALITION LLC",23270118,"VA,WA",2024-10-17,washingtoncompany.net,"Washington Business Search",LOW,,
"CAPEX & D SQUARE, A JOINT VENTURE LLC",23229247,"AZ",2024-09-17,samclerk.com,"SAMClerk | AI-Powered SAM.gov Alerts & Government Contract Monitoring",LOW,,
"CORE ENGINEERING & CONSTRUCTION, INC.",23159651,"FL,TN",2025-09-25,core-encon.com,"Core Engineeering & Construction",HIGH,,
"VCIDJ LLC",22961777,"PA",2025-09-26,xchair.com,"Shop X-Chair Office Chairs and Accessories | X-Chair Official Site",LOW,,
"ISUSA/CONCENTRIC JV LLC",22807037,"NY",2025-09-26,nycompanyregistry.com,"New York Company Directory",LOW,,
"JOHN BOWMAN, INC.",22443958,"CO",2026-03-13,jbiconstruction.com,"John Bowman Inc.",HIGH,340655495889,
"F & R CONSTRUCTION GROUP INC",22274324,"PR",2025-09-11,frconstructiongroup.net,"Compañía de Construcción en Puerto Rico | F&R Construction Group, Inc.",HIGH,,
"PRAIRIE BAND-COMPASS JV LLC",22184863,"ND",2025-09-08,pbconst.com,"Prairie Band Construction | Prairie Band Construction",HIGH,,
"YERKES SOUTH INC.",22012700,"FL,OK,TN",2025-09-19,yerkessouthinc.com,"Yerkes South Inc",HIGH,,
"GROUP III MANAGEMENT INC",21961369,"NC",2025-09-24,groupiiimgt.com,"Group III Mgt, Inc.",HIGH,340669878009,
"TYBE-GARNEY FEDERAL JV LLC",21789468,"FL,LA,MS",2025-12-15,garney.com,"Garney Construction",LOW,,
"FRAZIER ENGINEERING, INC.",21771883,"FL",2025-04-03,fraziereng.com,"Frazier Engineering, 8a/WOSB Construction & Engineering",HIGH,,
"DOMINGUEZ & PERSONS, LLC",21750500,"LA,MS",2026-05-28,ddbpersons.com,"Dominguez & Persons – Contractors",HIGH,,
"GSI CONSTRUCTION CORPORATION, INC.",21624112,"AL,FL,MS",2025-09-26,gsiconstruct.com,"GSI ConstructionGSI Construction",HIGH,,
"IMPROVE GROUP, INC.",21508639,"CO,TX",2025-09-16,improvegroup.net,"A Construction Integration Company | Improve Group",HIGH,,
"LITTEKEN CONSTRUCTION COMPANY, LLC",21422899,"IL",2025-07-09,littekenconstruction.com,"Litteken Construction",HIGH,,
"ALLIANCE ONE GROUP LLC",21251080,"GU,HI",2025-09-23,allianceoneinc.com,"",LOW,,site unreachable
"SEMPER TEK CMS JV LLC",21079405,"KY",2025-10-30,sempertekinc.com,"Semper Tek Inc. |",HIGH,340668072651,
"GLOBAL ENGINEERING SERVICES INC",21044115,"ID,NV,OR",2024-08-02,ges-us.com,"Home | Global Engineering Services",HIGH,340664477427,
"RIO VISTA MANAGEMENT LLC",20894494,"PA,UT",2024-07-16,riovistamanagement.com,"Federal Construction | Rio Vista Management, LLC",HIGH,,
"CORBARA-MGS JV",20850565,"CA",2025-09-05,corbarabuildinggroup.com,"",LOW,,site unreachable
"THE MATTHEWS GROUP INC",20768642,"DC",2024-09-30,thematthewsgroup.com,"Branding | Creative Agency | Website Design | Google Ads for Business",HIGH,,
"ANGEL DESIGN BUILD CONSTRUCTION LLC",20741519,"TX,WA",2026-05-18,angeldbc.com,"Angel Design Build Construction LLC",HIGH,340717887204,
"AMERICAN VETERAN CONSTRUCTION CORP.",20616814,"FL,NJ,NY",2025-05-27,americanveteranconstruction.com,"",LOW,,site unreachable
"TERRA CONSTRUCTION, LLC",20460856,"OK",2025-10-01,terraconstruction.com,"Terra Construction, LLC",HIGH,154638651125,
"MIDNIGHT SUN-CENTENNIAL KIRRATCHIAQ JV, LLC",20335556,"VA,WA",2025-08-29,search.certifications.sba.gov,"SBA Small Business Search",LOW,,
"EDMAN BRYAN LLC",20278766,"SD",2024-12-30,opengovus.com,"OpenGovUS: Open Government Data in United States",LOW,,
"SOUTHEASTERN INDUSTRIAL CONSTRUCTION, LLC",20143790,"FL,LA,MS,SC,TX",2025-09-24,se-ind.com,"Southeastern Industrial Construction",HIGH,,
"OAC ACTION CONSTRUCTION CORP.",20131616,"FL,PR",2025-10-21,oacconstruction.com,"",LOW,,site unreachable
"DUCAS CONSTRUCTION INC",20009980,"MA,ME",2025-10-17,ducasconstruction.com,"Ducas Construction ME NH Commercial Construction Management",HIGH,,
"CCS KING GEORGE LLC",19792260,"MH",2024-10-14,kinggeorge.us,"King & George LLC — Defense Contracting, Construction & Maintenance",LOW,,
"SUH'DUTSING-PILKINGTON CONSTRUCTION JV II, LLC",19502714,"AZ",2024-09-20,s-pcjv.com,"Suh'dutsing-Pilkington Construction JV, LLC",HIGH,,
"HERITAGE-M2C1 JOINT VENTURE",19287331,"AK",2025-12-16,heritagecontracting.us,"Heritage General Contracting | Alaska Construction",HIGH,,
"ERS-CYE JV II, LLC",19237033,"LA,VA",2025-08-25,cyeinc.com,"CYE Enterprises - Jacksonville & Ft. Walton Beach",HIGH,,
"CONCENTRIC GROUP, LLC",19201229,"NY",2025-09-30,concentricgroup.biz,"Home - Concentric Group",HIGH,,
"R. A. GLANCY & SONS, INC.",19187444,"PA",2025-01-06,raglancy.com,"R.A. Glancy & Sons, Inc. | General Contracting Firm",HIGH,,
"FRAZIER INVESTMENTS, INC.",19071958,"FL,LA",2024-09-30,frazierinvestments.com,"",LOW,,site unreachable
"AE WEST LLC",19061770,"CA",2025-01-16,ae-west.com,"Home",HIGH,,
"IAW CONSTRUCTION, INC.",19047088,"CA",2026-06-01,iawconstruction.com,"",LOW,345149038285,site unreachable
"ACCEL 7 JV LLC",19005214,"GA",2026-02-11,americas-engineers.com,"",LOW,,site unreachable
"JAMES TALCOTT CONSTRUCTION, INC.",18778633,"MT",2024-10-01,jtcmtbuilders.com,"",LOW,,site unreachable
"DOMINGUEZ DESIGN-BUILD, INC",18698838,"AL,GA,MS",2025-11-06,dominguezdesign-build.com,"General Contractors licensed in FL, AL and MS | Dominguez Design-Build",HIGH,,
"S & E SERVICES INC",18654114,"NY",2024-09-01,cisleads.com,"CIS — Construction Project Information for the Northeast - CIS",HIGH,,
"CAPE-FORGEN JV",18421615,"CA",2024-09-09,forgen.com,"Forgen Geotechnical & Specialty Civil Construction",LOW,,
"UD CONTRACTING INC",18266652,"GA,KY",2024-09-27,sam.directory,"Home | SAM Directory",LOW,,
"WESCO CONSTRUCTION",18139484,"CA",2025-09-23,wesco.com,"Supply Chain, Electrical, and Distribution Services | Wesco",HIGH,,
"THE BLACKLEDGE GROUP, INC.",18081469,"FL",2026-01-30,theblackledgegroup.com,"Home – The Blackledge Group",HIGH,,
"J & B BUILDERS INC",18042399,"WI",2025-02-01,jbbuilders.com,"HOME | jbbuilders",HIGH,,
"HAYDON COMPANIES LLC",17875967,"AZ",2025-04-12,haydon.com,"Homepage - Haydon Companies",HIGH,,
"ROCK CONSTRUCTION MANAGEMENT LLC",17865274,"NV,TX",2026-07-06,rockmanagementandconstruction.com,"Rock Management & Construction",HIGH,,
"MX CONSTRUCTION, INC.",17625313,"CA",2025-10-01,mxcinc.org,"MX Construction Federal & Military Construction Contractor",HIGH,,
"CENTENNIAL CONTRACTORS ENTERPRISES, INC.",17569171,"GA,VA",2026-03-11,cce-inc.com,"Centennial | Design-Build and Facilities Renovation, Repair, Remodeling",HIGH,,
"NACCI CONSTRUCTION SERVICES, INC",17551674,"GA",2025-07-21,nacciconstruction.com,"Commercial Construction | Harlem, GA - Nacci Construction Services, Inc",HIGH,340659089098,
"KALLIDUS TECHNOLOGIES, INC",17519172,"MA,PA",2024-07-23,kallidustech.com,"",LOW,,site unreachable
"MCL-MRK VII LLC",17493667,"NE",2026-01-08,contractstackpro.com,"ContractStack — Find Federal Construction Bids",LOW,,
"RECCO INC",17336000,"WY",2025-06-12,recco.com,"RECCO - Be Searchable",HIGH,,
"MAGUIRE-OHARA CONSTRUCTION INC",17300820,"OK",2025-09-12,maguireohara.com,"Home - Maguire O'Hara",HIGH,,
"COLLINS CONSTRUCTION SERVICES, INC",17187576,"GA,SC,TX",2026-01-24,collinsconstruct.com,"Collins Construction Services",HIGH,,
"DELCO LLC",17181947,"AR",2024-07-19,delcollc.com,"Home | Delco",HIGH,,
"PLACE SERVICES INCORPORATED",17179200,"IN",2025-06-10,placeservicesinc.com,"Home - We Are Turning Your Vision Into Reality - PSI",HIGH,335504339648,
"MIRADOR ENTERPRISES, INC.",17001067,"NM",2025-03-13,miradorenterprises.com,"Home - Mirador Enterprises, Inc.",HIGH,,
"SUMMIT CONSTRUCTION, INC.",16903245,"PR,TX",2024-08-23,summitconst.com,"Home - Summit Construction",HIGH,,
"MGI, INC.",16820881,"AL,AR,IL,MI,OH,PA",2026-04-20,mgiinc.com,"Experts in Life Safety System Construction",HIGH,343810606787,
"J G CONTRACTING",16754801,"CA",2025-10-01,jgcontracting.com,"Design Build Contractor | JG Contracting Company",HIGH,,
"NISOU LGC JV, LLC",16729657,"OH",2025-03-10,nisouenterprises.com,"Nisou Enterprises // Serving Kansas, Michigan & New Jersey",HIGH,,
"DAP CONSTRUCTION MANAGEMENT LLC",16455347,"AZ,TX",2026-03-04,dapcmc.com,"",LOW,,site unreachable
"L. WALLACE CONSTRUCTION COMPANY INC.",16317648,"OK",2025-08-07,lwcgc.com,"LWallace Companies",HIGH,340693451508,
"MIKOCORP LLC",16252156,"OK",2025-09-22,mikocorp.com,"MIKOCORP LLC",HIGH,,
"SAPPER WEST, INC.",16231368,"CA",2026-08-17,sapperwest.com,"Sapper West |",HIGH,,
"SHOFAR COMMUNICATIONS LLC",16187559,"UT",2025-09-16,search.certifications.sba.gov,"SBA Small Business Search",LOW,,
"TEJAS PREMIER BUILDING CONTRACTOR, INC",16158174,"TX",2024-10-30,governmentbidders.com,"Government Bids in United States | Government Bidders",LOW,,
"SHEFFIELD CONSTRUCTION, L.L.C.",16083242,"OK",2025-09-25,sheffieldconstructionllc.net,"Trusted Construction Services | Sheffield Construction LLC",HIGH,,
"AAECON GENERAL CONTRACTING LLC",16080413,"FL,KY,MO,WV",2026-06-30,aacongc.com,"AACON General Contractors | Build with Confidence — Get Started Today",LOW,339407664862,
"BLUE TRIDENT - NEWTON JV2",15969538,"WA",2026-01-28,newtonbd.com,"NEWTON BUILDING & DEVELOPMENT, MILITARY CONTRACTING, MILITARY SUBCONTRACTING .:.",LOW,,
"ROCK JV, LLC",15944631,"KS,MO,TX",2026-06-12,texas-biz.com,"Just a moment...",LOW,,
"T & T CONSTRUCTION ENTERPRISES, LLC",15929588,"IN,KY",2025-08-28,tandt.construction,"T & T Construction – Your Trusted Construction Partner.",HIGH,,
"CHEMTRACK/CORNERSTONE JV III, LLC",15752772,"AK",2025-06-06,chemtrack.net,"ChemTrack Alaska, Inc. – An 8(a) Alaskan Woman Owned Small Business",HIGH,,
"A-PLUS K&K JV INC",15708585,"SC",2025-12-08,michigan-company.com,"Just a moment...",HIGH,,
"KHOTOL SERVICES CORPORATION",15675911,"KS,KY,MO",2026-06-01,ganaayoo.com,"Home - Gana-A'Yoo, Limited",LOW,,
"B2 CONSTRUCTORS, LLC",15673661,"IN,NC,TX",2026-01-13,b2constructors.com,"B2 Constructors: Unwavering Excellence",HIGH,340572824300,
"2A LLC",15550337,"HI,IL",2025-09-29,2aninja.com,"HOME | 2A Ninja",HIGH,,
"PARADIGM CCW JV LLC",15479625,"AZ",2025-10-10,opengovus.com,"OpenGovUS: Open Government Data in United States",LOW,,
"UNAMI LLC",15443951,"AZ,NC",2024-09-01,unamilighting.com,"Unami - Your reliable provider of efficient LED luminaires",HIGH,,
"MIA GENERAL CONTRACTING LLC",15377820,"FL,OK",2025-07-21,mia-gc.com,"Mia General Contracting – Providing professional general contracting & managemen",HIGH,,
"2H&V CONSTRUCTION SERVICES, LLC",15158000,"FL,MS,TN",2026-06-01,veteranownedbusiness.com,"Veteran Owned Business Directory | Military Veterans Businesses | SDVOSB | VOB |",LOW,,
"MRP STEFANIK JV, LLC",15026897,"PA,WV",2026-04-22,stefaniks.com,"Stefanik",LOW,,
"R2BUILD",14935595,"CA",2025-10-20,r2-build.com,"R2 Build",HIGH,,
"GSINA-PACIFIC JV II LLC",14926107,"WA",2025-12-23,gao.gov,"U.S. Government Accountability Office (U.S. GAO)",LOW,159425816277,
"BLUE PACIFIC II JV LLC",14887811,"IL",2025-10-27,opengovus.com,"OpenGovUS: Open Government Data in United States",LOW,,
"L.R. COSTANZO COMPANY, INCORPORATED",14781147,"PA",2025-06-13,lrcostanzo.com,"L.R. Costanzo Construction Services Co., Inc. | Building Quality. Building Relat",HIGH,,
"FAYZA-LEAD CONSTRUCTION INC",14657939,"CA",2025-01-13,bizprofile.net,"Bizprofile – Comprehensive Directory of Registered Businesses in the USA",LOW,,
"VALOR CONSTRUCTION MANAGEMENT, LLC",14600642,"FL,PR",2026-05-04,valorman.com,"Valor Construction Management",HIGH,340641165018,
"K & K INDUSTRIES INC",14516557,"MO,SC",2025-09-01,kandkindustries.com,"K & K Industries, Inc. - Home",HIGH,,
"EDIFICE SERVICES JV, LLC",14465589,"MD",2026-02-19,edificeinc.com,"Edifice",HIGH,332014506688,
"LIRA EC JV LLC",14335886,"AZ",2025-08-18,bizprofile.net,"Bizprofile – Comprehensive Directory of Registered Businesses in the USA",LOW,,
"EVERGREEN CONTRACTORS LLC",14145128,"NM",2024-12-09,evergreencontractorsllc.com,"Evergreen General Contractors LLC – Building Excellence, One Project at a Time",HIGH,,
"OK2 CONSTRUCTION, LLC",14103068,"GA",2025-06-16,ok2construction.com,"Home - OK2 Construction",HIGH,340737488600,
"SGTR RJO JV, LLC",13995776,"ME,NY",2025-06-06,smithgroupamericas.com,"Home | Smith Group Of Americas | General Contractors",HIGH,,
"ARLOS GROUP, LLC",13843107,"MT,OK,TX",2026-05-15,arlosgroup.com,"HOME | Arlos Group",HIGH,340732088032,
"GANA-A'YOO CONSTRUCTION SERVICES JV, LLC",13684912,"MN,OH",2025-09-26,ganaayoo.com,"Home - Gana-A'Yoo, Limited",HIGH,,
"MGS CONSTRUCTION SERVICES INC.",13586179,"AR,CA",2025-09-30,mgs.construction,"MGS Construction Website",HIGH,,
"REAMS ENTERPRISES INC.",13521852,"GA,SC",2025-09-29,reamsenterprisesinc.com,"Reams Enterprises Inc",HIGH,,
"VAZQUEZ REASBECK CONSTRUCTION LLC",13450169,"MO",2025-11-21,cage.report,"CAGE, NCAGE & DUNS Lookup | CAGE.report",LOW,,
"TURNER, RAMIREZ AND ASSOCIATES, INC.",13383890,"TX",2025-04-17,trarch.com,"Turner Ramirez Architects - Commercial & Industrial Design Services",HIGH,,
"EPERNAY DESIGN & CONSTRUCTION LLC",13321331,"MA",2026-01-30,epernayconstruction.com,"",LOW,,site unreachable
"WAINSCHAF ASSOCIATES, INC.",13299000,"NY",2026-06-22,waiconstruction.com,"Home | Wainschaf Associates, Inc.",HIGH,,
"W-T JOINT VENTURE",13257749,"NC",2025-10-24,wwjointventures.org,"Home",HIGH,,
"REESE EQUIPMENT COMPANY LLC",13181313,"MO",2025-10-20,reeseequipmentcompanyllc.com,"Reese Equipment Company |",HIGH,,
"GAM3 CONSTRUCTION LLC",13084888,"AZ",2025-08-19,gam3construction.com,"GAM3 Construction | General Contractor",HIGH,,
"HAWK-NIKING, LLC",13077722,"HI",2025-02-27,opengovus.com,"OpenGovUS: Open Government Data in United States",LOW,,
"ATC-ABSHER 1 JOINT VENTURE",13025992,"WA",2024-09-26,opengovus.com,"OpenGovUS: Open Government Data in United States",LOW,,
"HZ CONSTRUCTION INC",12822216,"FL",2025-08-27,hz-construction.com,"HZ Construction – HZ Construction – general contractor serving the San Francisco",HIGH,,
"TSC-EDIFICE JV1, LLC",12811563,"MD",2025-10-06,ussbdirectory.com,"Home | USSB Directory",LOW,,
"PER-GEESH TLI JV, LLC",12742565,"CA",2025-07-01,per-geeshconstruction.com,"Per-geesh Construction Corporation",HIGH,332359511785,
"ETOLIN STRAIT PARTNERS, LLC",12730761,"MD,VA",2024-07-25,tstcompanies.com,"TST Companies : Commercial Construction Services",HIGH,,
"CAROLINA GROUP PROPERTIES LLC",12663342,"GA,NC",2025-12-09,carolinapropertiesgroup.com,"Scott Earp - REMAX Professionals",HIGH,,
"EASTHILL KUNJ JV, LLC",12525014,"NY,PA",2025-09-29,easthillcc.com,"Easthill Construction Corp – Easthill",HIGH,,
"AMERICAN VET INDUSTRIES, LLC",12504264,"DC,MD,VA,WV",2026-02-27,americanvetindustries.com,"AmVet American Vet Industries 8(a) Service-Disabled Veteran Owned – Contractor W",HIGH,340666274543,
"MIDNIGHT SUN - CENTENNIAL JV LLC",12463950,"LA,NC,TX",2024-09-30,search.certifications.sba.gov,"SBA Small Business Search",LOW,,
"NATIONAL SERVICES PLUS, INC.",12345472,"MO",2025-03-17,nfservicesinc.com,"Home | National Financial Services, Inc.",HIGH,,
"FULWOOD CONSTRUCTION COMPANY, LLC",12320510,"MS",2026-06-30,fulwoodconstruction.com,"Fulwood Construction",HIGH,340666284782,
"ARROWHEAD CONTRACTING, INC.",12297174,"AL,GA,MS",2025-09-08,arrowhead-usa.com,"Home | Arrowhead Contracting",HIGH,,
"OSPREY MANAGEMENT LLC",12259267,"GA,KY",2025-10-06,osprey-management.com,"Property Management Services | About Osprey Management | Las Vegas, NV",HIGH,,
"M.E.R.I.T., INC.",12090479,"NJ",2024-10-18,meritoperations.com,"HOME | meritinc",HIGH,,
"ECKO JV, LLC",11999037,"IN",2026-06-05,ecko.com,"The ORIGINAL Street Wear Brand, Men's Apparel | ECKO UNLTD.",HIGH,,
"DIVERSIFIED SITE SERVICES LLC",11983136,"CT,FL,MA,ME,NC,NH,RI",2026-05-25,diversified-us.com,"Diversified Site Services",HIGH,340653700827,
"MNS KJE JV INC.",11958470,"NY",2025-06-03,kjeinc.com,"",LOW,,site unreachable
"EARTHTEK BUILDERS",11900476,"CA",2025-08-18,earthtek.com,"Package Wastewater Treatment Plants - earthTek",HIGH,,
"CPM - AWA LLC",11891165,"OH",2025-09-30,cage.report,"CAGE, NCAGE & DUNS Lookup | CAGE.report",LOW,,
"SDJV",11844813,"MO,OK",2025-11-13,seaduckjv.org,"Sea Duck Joint Venture",HIGH,,
"VETERANS HOPE ASSOCIATES INC",11809120,"NY",2026-02-03,cisleads.com,"CIS — Construction Project Information for the Northeast - CIS",LOW,,
"PACIFIC COAST CONTRACTING GROUP",11768563,"CA",2026-06-09,pacificcoastcontractinggroup.com,"Home | Pacific Coast Contracting Group",HIGH,340691665618,
"ADIRONDACK CONSTRUCTION CORPORATION",11693442,"NY",2024-09-16,adirondackcorp.com,"Adirondack Corp.",HIGH,,
"PEDERSEN & RANGEL",11662000,"SD",2025-10-09,pedersenandpartners.com,"Frontpage | Pedersen & Partners",HIGH,,
"PANACEA CONSTRUCTION GROUP LLC",11642866,"AZ,CA,KS,NC,WV",2026-08-05,panaceacg.com,"Panacea Construction Group LLC | Build Your Vision Today",HIGH,340684515032,
"CALLAHAN CONSTRUCTION COMPANY",11499341,"AK",2024-09-25,callahan-inc.com,"Home - Callahan Construction Managers",HIGH,,
"TACTICAL CONSTRUCTION, INC",11450461,"NY",2026-05-22,buildwithvets.com,"Tactical Construction | Veteran Owned and Operated",HIGH,344209267389,
"E CORP",11395082,"AZ",2024-10-24,e-corp4u.com,"E-Corp | Building a World of Difference",HIGH,,
"TEXAS VELOCITY ENTERPRISES, LLC",11265996,"TX",2026-05-22,poweredbyvelocity.com,"Home Industrial - Texas Velocity Enterprises",HIGH,341130762939,
"F & C GROUP JV LLC",11089909,"NY",2026-05-20,cisleads.com,"CIS — Construction Project Information for the Northeast - CIS",HIGH,,
"NORDSTROM CONTRACTING & CONSULTING CORP",11013710,"NJ,NY",2026-05-28,nordstromcontracting.com,"",LOW,340673408706,site unreachable
"LUCIANOS EXCAVATION INC",11012195,"ME",2025-07-10,lucianosexcavationinc.com,"Excavation | Lucianos Excavation Inc. | Taunton",HIGH,,
"MARTINEZ SERVICES, INC.",10755028,"CA,FL",2025-05-08,martinez.build,"Martinez | Building Where Others Won’t",HIGH,,
"BLUE YONDER INC",10710324,"IL",2024-09-11,blueyonder.com,"End-to-End Supply Chain Management Solutions | Blue Yonder",HIGH,332552156913,
"APC DB JV LLC",10582406,"FL,VA",2025-10-20,check.fedsam.com,"SAM Status Checker — Free SAM.gov Registration Lookup",LOW,,
"FLUHARTY ERIE, LLC",10544052,"OH,PA",2026-06-20,opengovus.com,"OpenGovUS: Open Government Data in United States",LOW,,
"ANCHOR CONTRACTING, LLC",10511523,"PA",2026-03-18,anchorcontractingmn.com,"ANCHOR CONTRACTING LLC | Roofing in West St. Paul, MN",HIGH,,
"COLT BUILDERS AND WEIL CONSTRUCTION JOINT VENTURE L.L.C.",10472523,"NM",2024-08-30,coltbuilders.com,"Wood Framing Services | Framing Company & Contractors | Colt Builders Colt Build",HIGH,,
"SES TECHNOLOGIES LLC",10367242,"KS,MS,TX",2025-09-30,ses-technologies.com,"SES Technologies",HIGH,,
"KROESCHELL - EAGLE EYE JOINT VENTURE, LLC",10358481,"MS,VA",2024-09-23,kroeschell.com,"Leading Contractor of Design-Build MEP Engineering Solutions",HIGH,,
"CODY M STEVENS CONSTRUCTION INC",10331906,"CA",2025-09-30,cmsconstruction805.com,"Home - CMS Construction",HIGH,,
"TRIBAL ONE TECHNOLOGY, LLC",10309923,"CO,IL",2026-01-01,tribal.one,"Coquille Indian Tribe, Professional Services Group | Tribal One",HIGH,,
"W-T FEDERAL JOINT VENTURE",10067388,"NC",2025-08-08,opengovus.com,"OpenGovUS: Open Government Data in United States",LOW,,
"MONUMENT CONSTRUCTION LLC",10064947,"MA,NC",2025-07-31,monument.us.com,"Home | BUSINESS NAME",HIGH,,
"ADVANCED MANAGEMENT GROUP, L.L.C.",10005099,"FL,TX",2025-09-04,amgec.com,"Government Gontracting | United States | Advanced Management Group",HIGH,,
"GRENLAR-VNW JV1, LLC",10000000,"WA",2025-09-30,grenlar.com,"Grenlar Construction | General Construction Management",HIGH,,
"JV6 CONTRACTING LLC",9969539,"IL",2024-07-18,industriainc.com,"Industria",LOW,,
"SILVER LAKE - TMG JV2, LLC",9930115,"DC",2026-03-12,incumbint.com,"IncumbINT · The relationships behind federal contracting",LOW,,
"DMYLES INC.",9909738,"NY",2025-02-19,dmylesinc.com,"Home | Paving Contractor & Striping Contractor | Buffalo, NY",HIGH,,
"RED BISON SERVICES, LLC",9908496,"LA,MS",2025-04-07,redbisonservices.com,"Native Built",HIGH,,
"OLGOONIK SPECIALTY CONTRACTORS, LLC",9898410,"CO,MO",2026-04-28,olgoonik.com,"Welcome - Worldwide Government Contracting and Commercial Services",HIGH,,
"FOUR THIRTEEN INC",9892563,"TX",2025-08-28,fourthirteenllc.com,"Four Thirteen, LLC",HIGH,,
"TEYA FRAWNER JV LLC",9811880,"AK",2025-04-25,alaskacompanydir.com,"Alaska Company Directory",LOW,,
"PATRIOT CONTRACTING GROUP, LLC",9796000,"TN",2025-09-11,patriotpcg.com,"Heavy Civil & Commercial Construction | Patriot Contracting Group | Serving the ",HIGH,,
"4K GLOBAL-ACC MP, LLC",9653535,"NC",2025-09-29,4kglobalinc.com,"4K Global, Inc. – General Contractor | Augusta",HIGH,,
"GREENWORX INC",9597094,"NJ,NY",2024-09-20,greenworkstools.com,"Greenworks Outdoor Power Equipment, Lawn & Garden Tools",LOW,,
"T1 CONSTRUCTION LLC",9526756,"CO",2026-03-30,tribal.one,"Coquille Indian Tribe, Professional Services Group | Tribal One",HIGH,,
"MIAMI TRIBAL SYSTEMS INTEGRATORS, LLC",9327104,"GA",2025-09-24,miamifed.com,"Federal 8a Contracting Services - Miami Federal",HIGH,,
"US DIVERSIFIED CONTRACTING SERVICES INC.",9244297,"AL,AR,CA,CO,FL,IA,IL,KS,ME,MO,NY,OH,OK,PA,TN,TX,VA,WI",2026-06-30,usdcsi.com,"USDCSI",HIGH,,
"DRILLCO INC",9243809,"NJ",2024-12-05,drillco.com,"Drillco – Experts in drilling solutions",HIGH,,
"BELT BUILT CFM GOVERNMENT SERVICES JV LLC",9221388,"DC,MD",2024-10-24,beltbuiltllc.com,"",LOW,330370473686,site unreachable
"TI-SDC, JV LLC",9170333,"MD,PA",2025-08-14,opengovus.com,"OpenGovUS: Open Government Data in United States",HIGH,,
"NEXT GENERATION LOGISTICS, LLC",9088261,"LA",2024-07-31,nglcompanies.com,"Next Generation Logistics | Maritime, Construction & Dredging - Next Generation ",HIGH,,
"MAYRANT & ASSOCIATES, LLC",9019805,"MS",2024-11-12,mayrant.com,"",LOW,,site unreachable
"CHATMON CONSTRUCTION LLC",8874754,"MS",2024-09-27,chatmonconstruction.com,"Chatmon Construction",HIGH,,
"BALES CONSTRUCTION COMPANY, INC.",8863416,"MO",2025-08-13,balesconstruction.com,"Bales Construction – Established 1939",HIGH,,
"JV6 CONTRACTING V2 LLC",8803788,"IL",2025-10-15,sam.directory,"Home | SAM Directory",LOW,,
"ROBBERT CONSTRUCTION, INC",8568000,"ME,MI",2025-04-08,robbertconstruction.com,"Medical Facility Construction | RCI",HIGH,340704250594,
"DRACE CONSTRUCTION CORP",8565188,"GA,MS",2025-11-11,dracecorp.com,"HOME | Drace Construction",HIGH,,
"FOUR TRIBES CONSTRUCTION SERVICES, LLC",8518299,"CA",2025-07-22,fourtribes.com,"",HIGH,,
"SNC TALLIMAT, LLC",8402934,"CA",2025-09-29,alaskacompanydir.com,"Alaska Company Directory",LOW,,
"AC LOPEZ CONSTRUCTION INC",8334535,"CA",2025-10-01,aclopez.com,"Home | Ac Lopez Constructio",HIGH,,
"AN41-AAK JV LLC",8259525,"AZ,HI",2024-07-10,bizprofile.net,"Bizprofile – Comprehensive Directory of Registered Businesses in the USA",LOW,,
"MIK CONSTRUCTION INC",8234713,"CA",2024-09-30,mikinc.us,"MIK - CONTRACTOR OF CHOICE",HIGH,,
"INDIAN TOWNSHIP SANCHEZ GROUP, LLC",8227598,"MD",2025-09-30,indiantownshipsolutions.com,"Indian Township Solutions",HIGH,,
"KOMAN ADVANTAGE, LLC",8150805,"KS,NM",2025-07-15,komanholdings.com,"Koman Holdings, LLC",HIGH,,
"PORT MADISON ENTERPRISES CONSTRUCTION CORPORATION",8070894,"AK,WA",2024-07-16,pme-cc.com,"Site Prep & Civil Engineering Experts | PME Construction Corporation",HIGH,,
"WB CONSTRUCTION LLC",8037100,"FL",2024-07-30,wbconstructioncompany.com,"WB Construction Company, LLC - Home",HIGH,,
"DIVERSIFIED CONTRACTORS, INC.",8018538,"OR",2025-05-07,diversifiedcontractorsinc.net,"Diversified Contractors, Inc",HIGH,,
"VET CON SOUZA A JOINT VENTURE",7965144,"GA",2025-08-05,vetcon-construction.com,"Vet Con Construction",HIGH,,
"SAWYER SERVICES INC",7912903,"MI,VA",2025-09-30,sawyer-services.com,"Sawyer Services",HIGH,,
"WEST COAST CONTRACTORS, INC.",7855129,"ND",2024-10-23,westcoastcontractors.com,"Home - West Coast Contractors",HIGH,,
"RED POINT CONSTRUCTION, LLC",7808878,"AK",2024-10-01,redpointconstruction.com,"Redpoint Construction",HIGH,,
"JOHNSONDANFORTH, INC",7729225,"CA,LA,MI,OH",2026-06-11,johnsondanforth.com,"JohnsonDanforth",HIGH,340684512955,
"SINEW MANAGEMENT GROUP LLC",7678225,"CA",2025-04-13,sinewmanagementgroup.com,"Welcome - Sinew Management Group",HIGH,,
"KEKOLU-RIO VISTA JOINT VENTURE, LLC",7658772,"UT",2025-05-01,honuapo.com,"Honu‘apo Family of Companies",HIGH,,
"SK CONSTRUCTION AND MANAGEMENT INC.",7626708,"NY",2025-09-29,skconstructionandmanagementinc.com,"Expert Construction Project Management Services",HIGH,,
"BRYMAK FSI JV, LLC",7623654,"VA",2025-09-19,brymak.com,"BryMak & Associates, Inc. | Full-Service Facilities Management & Maintenance Sol",HIGH,,
"SAFESPILL SYSTEMS LLC",7589328,"TX,VA",2024-09-11,safespill.com,"Home | Safespill",HIGH,,
"CADENCE CONTRACT SERVICES, LLC",7471436,"NY",2024-09-17,cadenceusa.com,"",LOW,,site unreachable
"AHTNA-CDM JV",7469309,"CA",2025-12-31,ahtna.com,"Ahtna, Inc. - An Alaska Native Regional Corporation",HIGH,,
"KNUCKLES-WILLIAMS CONTRACTING, INC.",7312440,"DC",2026-05-06,search.certifications.sba.gov,"SBA Small Business Search",LOW,,
"GSI HAWAII INC",7275465,"HI",2025-09-30,gsi-companies.com,"GSI Family of Companies – gsi-companies.com",HIGH,,
"GMH-C JV, LLC",7236636,"KY,TN",2025-06-09,bizprofile.net,"Bizprofile – Comprehensive Directory of Registered Businesses in the USA",LOW,,
"NORTHRIDGE CONSTRUCTION GROUP LLC",7102000,"TX",2024-10-01,northridgecg.com,"Northridge Construction Group | Commercial General Contractor | Texas",HIGH,,
"VANGUARD PACIFIC LLC",7039038,"CA,FL,NY",2025-12-28,vanguardpacificllc.com,"Home | Vanguard Pacific, LLC",HIGH,340680915667,
"AAA GENERAL CONTRACTORS LLC",7017673,"TX",2026-07-09,aaageneralcontractor.com,"AAA General Contractor -",HIGH,,
"MARCIA K BECKWITH INC",6951881,"IL",2025-09-30,contractology.com,"Contractology — Federal Contractor Intelligence | Contractology",LOW,,
"LACUSONG LEILANI",6929163,"CA",2025-10-30,search.certifications.sba.gov,"SBA Small Business Search",LOW,,
"MARRERO, COUVILLON & ASSOCIATES, L.L.C.",6914655,"NM",2025-09-30,mca-llc.com,"Marrero, Couvillon, & Associates, LLC. – Architectural, Mechanical, Electrical, ",HIGH,,
"TAVARES LLC",6864273,"MA",2025-01-16,fjtavares.com,"Tavares LLC",HIGH,,
"V&C GENERAL CONTRACTOR LLC",6817101,"PR",2026-06-17,fedlinks.com,"FedLinks: Home",HIGH,,
"PED CONCEPTS INC.",6694275,"FL",2025-12-04,ped-co.com,"Federal Construction & Facility Services- PED Concepts",HIGH,,
"ANCHOR-41 CONSTRUCTION LLC",6610577,"CA,NV",2026-03-28,anchor41.com,"",LOW,340684511988,site unreachable
"BENECORP INC",6578631,"FL,MS",2025-10-10,bene-corp.com,"Benecorp – Making tough benefit decisions…easier",HIGH,,
"PHILLIPS C&C LLC",6494276,"NV,VA",2026-06-22,phillipscandc.com,"Phillips C & C",HIGH,,
"UHRIG CONSTRUCTION INC",6370148,"PA",2026-02-06,uhrigconstruction.com,"",LOW,,site unreachable
"POWER WASHING EXTREME, INC. (DBA) PWE, INC.",6344523,"OK",2025-07-21,search.certifications.sba.gov,"Small Business Search",LOW,,
"TRI VET CONTRACTING CO, INC",6308247,"PA",2025-07-01,allbiz.com,"AllBiz - United States Business Directory",LOW,,
"SPAARK INC",6306919,"NJ",2025-02-17,spaark-inc.com,"SPAARK, Inc. | 8(a) NHO | GovCon",HIGH,,
"FOLSOM, LLC",6217858,"FL",2025-08-28,folsomllc.com,"Folsom Enterprises – Your full service design and development 8(a) general contr",HIGH,,
"DRI, INC.",6183837,"AL,GA,OR,TN,WV",2026-03-27,driamerica.com,"DRI America –Energy Recovery Wheels & Desiccant rotors & cassettes",HIGH,,
"FIREWATCH CONTRACTING OF FLORIDA LLC",6148741,"KY",2026-03-16,fwcontracting.com,"Home - FW Contracting",HIGH,340746489558,
"INFINITE ENERGY CONSTRUCTION, INC",6146047,"CA,MO",2025-05-01,infiniteenergy-ec.com,"Infinite Energy | Construction & Engineering Experts",HIGH,,
"TEYA SUPPORT SERVICES LLC",6130952,"AK,AL",2025-07-30,teyaservices.com,"Teya Services",HIGH,,
"NORTHWIND ENGINEERING, LLC",6068935,"OH,VA",2025-10-07,northwindeng.com,"Northwind Engineering, LLC | Federal Contractor | United States",HIGH,,
"MILITARY INSTALLATION DEVELOPMENT AUTHORITY",6061443,"UT",2025-09-23,midaut.org,"MIDA",HIGH,,
"MDM CONSTRUCTION SUPPLY, LLC",5996200,"WI",2026-02-09,mdmconstructionllc.com,"Home - MDM Construction LLC",HIGH,,
"D&D CONSTRUCTION, INC.",5983000,"HI",2026-05-05,dndconstruction.com,"",LOW,,site unreachable
"CETERIS, INC.",5981828,"FL,LA",2024-07-30,ceteris.org,"Ceteris Engineering & Construction | Marianna, Florida",HIGH,,
"AHTNA BUILDERS, LLC",5962500,"AZ",2024-09-29,ahtna.com,"Ahtna, Inc. - An Alaska Native Regional Corporation",HIGH,,
"NEXT-CEI JV LLC",5955383,"HI",2024-07-31,local.us-info.com,"United States Local Business Directory | US Info",LOW,,
"RFS LLC",5909249,"ND",2024-07-08,rfsworld.com,"RFS - Radio Frequency Systems - Lifetime Connectivity",HIGH,,
"RIZA CONSTRUCTION INC",5900110,"NC",2025-09-30,rizaconstruction.com,"Home",HIGH,,
"UTILITY MAINTENANCE CONTRACTORS LLC",5874604,"KS",2026-07-13,umcllc.com,"Home - Utility Maintenance Contractors, LLC",HIGH,340684513988,
"TBI PAYNE JV, LLC",5790000,"PA",2025-10-21,tbicontracting.com,"Pittsburgh Commercial General Contractor | TBI Contracting",HIGH,,
"NORTH STAR GOVERNMENT SERVICES",5747126,"GU",2025-09-17,northstargov.com,"North Star Government Services – An Earnest Government Contractor",HIGH,,
"S & P ENTERPRISE LLC",5723845,"HI",2024-10-30,spenterprisehawaii.com,"Federal Construction Contractor in Hawaii | S&P Enterprise, LLC — SDVOSB",HIGH,341189208788,
"THE MANTLE GROUP INC",5675365,"IL",2025-05-28,mantle.us,"The Mantle Group",HIGH,,
"PURE ENVIRO-MANAGEMENT, LLC",5593253,"AS,CO,UT",2026-04-01,pureenviro.com,"WELCOME | PEM",HIGH,,
"GRACEN ENGINEERING & CONSTRUCTION INC",5549654,"NM",2025-10-20,gracenconstruction.com,"Gracen Engineering & Construction",HIGH,,
"MA-CHIS SE JV LLC",5493203,"VA",2026-03-24,al.ltddir.com,"Just a moment...",LOW,,
"R. J. JUROWSKI CONSTRUCTION, INC.",5418299,"WI",2025-09-15,rjjurowskiconstruction.com,"RJ Jurowski | Whitehall, WI",HIGH,,
"WEST BROTHERS CONSTRUCTION INC",5233696,"MS",2025-09-30,westbrothersconstruction.com,"West Brothers Construction |",HIGH,,
"PARADIGM CONSTRUCTION SERVICES, LLC",5227821,"AZ",2024-10-24,pcsgeneralcontractors.com,"Paradigm Construction Services",HIGH,,
"MCGARY CONSTRUCTION LLC",5224999,"FL",2025-09-27,search.certifications.sba.gov,"SBA Small Business Search",LOW,,
"MW SERVICES INC",5202168,"TX",2024-08-09,mwservices.com,"MW SERVICES INC.",HIGH,,
"WEBB CONSTRUCTION GROUP INC",5167326,"GA",2024-09-25,webbconstruction.net,"Webb Construction Group Inc. - Construction Services, Building",HIGH,,
"DEFENDER CONTRACTING & CONSTRUCTION 2, LLC",5084094,"CA",2025-08-27,defendercc.com,"HOME | Defender",HIGH,,
"D AND D, LLC",5010828,"KY",2025-09-29,dungeonsanddragons.com,"Dungeons & Dragons | Official D&D Game, News, and Resources",HIGH,,
"KETA SEVAN JV, LLC",4995187,"ID",2025-07-22,sevan.com,"Multi-Site Program & Construction Management Company",LOW,,
"BLUEWAY ONE JV LLC",4993000,"OR",2026-03-24,contractology.com,"Contractology — Federal Contractor Intelligence | Contractology",LOW,,
"THE SPANOS GROUP LLC",4992977,"MS",2025-10-07,thespanosgroup.com,"Spanos Group | SDVOSB | Construction & Consulting",HIGH,340730286840,
"DEFENDER CONTRACTING & CONSTRUCTION LLC",4975515,"SC",2025-03-12,defendercc.com,"HOME | Defender",HIGH,,
"CARLISLE CONSTRUCTION, LLC",4949000,"GA",2025-09-19,carlisle.com,"Carlisle Companies Incorporated - Home",HIGH,,
"WALKER FEDERAL SERVICES, LLC.",4935230,"FL,LA,MO,PA",2025-09-24,wfsfederal.com,"Federal Contracting | Walker Federal Services",HIGH,340626757367,
"MIJA CONSTRUCTION SERVICES LLC",4921558,"CA",2024-09-26,mauve-bumblebee-k38n.squarespace.com,"Squarespace - Website Expired",LOW,,
"NUMUNU MARTINEZ JV, LLC",4830319,"FL",2025-09-09,numunuconstruction.com,"Numunu Construction |",HIGH,,
"J STAR ENTERPRISES INC",4799000,"NM",2025-09-30,gojstar.com,"General Construction Contractor | J Star Enterprises",HIGH,,
"AIC INTERNATIONAL INC",4766591,"GU",2024-07-30,aic-intl.com,"AIC |",HIGH,,
"CHESAPEAKE PLANNING AND CONSULTING LLC",4740419,"TX,VA",2025-08-05,chesapeakeplanning.com,"Medical Equipment Planning & Procurement For Government | Chesapeake Planning an",HIGH,340639357631,
"JT WEST CONSTRUCTION, INC.",4675884,"CA",2026-06-12,jt-west.com,"JT West Construction, Inc.",HIGH,,
"RWH ENERGY LLC",4644099,"AZ",2026-07-15,rwhenergy.com,"Home - RWH Energy",HIGH,,
"INDUSTRY STANDARD USA, LLC",4635098,"NY",2025-09-04,industrystandardusa.com,"INDUSTRY STANDARD",HIGH,,
"US 2 VETERANS LLC",4628687,"CA",2026-06-09,us2veterans.com,"US 2 Veterans, LLC | Veteran-Owned Government Contractor",HIGH,,
"AMERISTAR CONTRACTING GROUP, INC.",4600225,"FL,NJ",2024-07-31,ameristargroup.com,"Home - Ameristar",HIGH,,
"GLOBAL GATE LLC",4534179,"WV",2025-10-28,globalgatecapital.com,"Global Gate | Home",HIGH,,
"ALCAN BUILDERS INCORPORATED",4508672,"AK",2024-08-26,alcanbuilders.com,"Alcan Builders, Inc. - Home",HIGH,,
"E2-N2 JV, LLC",4500000,"TX",2025-09-30,check.fedsam.com,"SAM Status Checker — Free SAM.gov Registration Lookup",LOW,,
"NEWA ENTERPRISES, INC.",4493437,"CA",2025-05-02,newaei.com,"Home - NEWA Enterprises, Inc.",HIGH,,
"VANAR EASTERN JV1, LLC",4484928,"VA",2025-09-11,ussbdirectory.com,"Home | USSB Directory",LOW,,
"BERING STRAITS PROFESSIONAL SERVICES, LLC",4473789,"DC",2024-09-10,beringstraits.com,"Bering Straits Native Corporation - Commercial & Government Contractors",HIGH,,
"FAYZAMERICA LLC",4472670,"CA",2025-09-25,fayzamerica.com,"FAYZAMERICA LLC — SDVOSB · 8(a) Federal Construction",HIGH,340765599446,
"JOHN CHRIS TAYLOR CONSTRUCTION & DESIGN LLC",4434700,"NJ",2024-09-12,johnchristaylor.com,"John Chris Taylor Construction & Design – New Jersey & New York General Contract",HIGH,,
"GRENLAR SHAPE JV, LLC",4349787,"WA",2025-06-18,grenlarshape.us,"Grenlar Shape JV, LLC",HIGH,,
"DEAN KURTZ CONSTRUCTION COMPANY",4239969,"SD",2026-03-13,deankurtzconstruction.com,"General Contracting | Construction Companies Rapid City SD | Dean Kurtz Construc",HIGH,,
"ASJ-NASCO JV, LLC",4206616,"CO,TX",2025-07-28,opengovus.com,"OpenGovUS: Open Government Data in United States",LOW,,
"POTAWATOMI DEFENSE OPERATIONS LLC",4152511,"TX",2025-05-12,potawatomi-do.com,"Potawatomi Defense Operations",HIGH,,
"ATLANTIC PACIFIC STANDARD LLC",4125252,"AZ",2025-09-19,apsbest.com,"General Contracting Services | Atlantic Pacific Standard",HIGH,,
"LG CONSTRUCTION INC",4097343,"MD",2024-09-18,lgconstructionhi.com,"Home | LG Construction Inc.",HIGH,,
"ACI BUILD GROUP LLC",4056626,"KS",2024-08-30,acibuildgroup.com,"General Contractor in Shawnee - ACI Build Group",HIGH,348121981683,
"RANGE CONSTRUCTION LLC",4033740,"VA",2025-09-29,rangeconstruction.com,"Range Construction LLC",HIGH,,
"VCIN GENERAL CONTRACTOR, LLC",4013111,"PR",2025-09-30,fedlinks.com,"FedLinks: Home",LOW,,
"MATAI SERVICES, LLC",4010265,"MO",2024-08-29,mataiservices.com,"HOME | matai",HIGH,,
"RDZ CONTRACTORS, INC.",4004148,"CA",2025-09-29,rdzconstruction.com,"Home | RDZ Construction",HIGH,,
"ALUTIIQ OPERATIONS SERVICES, LLC",3999469,"WA",2025-09-29,alutiiq.com,"Alutiiq – Exceptional service. Proven results.",HIGH,,
"JAB GENERAL CONTRACTOR LLC",3974546,"IN",2026-04-01,jabcontractorservices.com,"JABContractorServices.com",HIGH,,
"ALLSTATE HEATING AND COOLING, INCORPORATED",3934742,"TN",2025-09-12,allstatehvacinc.com,"Allstate Heating and Cooling",HIGH,,
"C&A - CORNERSTONE JV",3853433,"GA",2025-12-12,opengovus.com,"OpenGovUS: Open Government Data in United States",HIGH,,
"DISABLED VETERANS CONSTRUCTION INC",3848866,"AR,CO,LA,MT,OH,TX",2025-11-03,dvabuilders.org,"Disabled Veterans of America Construction Inc.",HIGH,,
"UNKS CONSTRUCTION, INC.",3820024,"CA",2024-09-25,unks.us,"Unks Construction Inc. | Service-Disabled Veteran-Owned Small Business",HIGH,340675206905,
"SJV2",3812415,"DC",2024-10-28,sanjosevillage2.weebly.com,"SJV2 Home Page",HIGH,,
"W E S T DEVELOPMENT, INC.",3809536,"CA",2024-09-28,westdinc.com,"W E S T Development Inc. | 8(a) Government Contractor | Southern California, CA,",HIGH,,
"RELIANCE-BERNEXIS JOINT VENTURE LLC",3800058,"DC,VA",2024-09-13,opengovus.com,"OpenGovUS: Open Government Data in United States",LOW,,
"NATIONAL PROJECT MANAGEMENT LLC",3791982,"NC",2025-11-10,nationalpm.us,"National Project Management",HIGH,340592559860,
"RED EAGLE 2 JV",3730588,"OK",2024-10-15,opengovus.com,"OpenGovUS: Open Government Data in United States",LOW,,
"STANDARD COMMUNICATIONS INC",3633398,"PA,SD",2025-09-10,scinow.com,"Standard Communications Inc – Just another WordPress site",HIGH,,
"JMJ CONSTRUCTION CO INC",3626121,"WI",2025-02-26,jmjbuilds.com,"",LOW,,site unreachable
"FORUS CONTRACTING, INC.",3622133,"IL",2025-09-30,foruscontracting.com,"ForUs Contracting Inc | Federal Contractor",HIGH,331493112568,
"KEI ALLIANCE JV LLC",3599971,"TX",2025-10-01,sweetspot.so,"Sweetspot - AI for Government Contracting",LOW,,
"GBD3 JV",3559107,"DC,MD",2024-10-04,gbd3.io,"gbd3 - Access Top Slots with BDT Reward Deals",HIGH,,
"STANDARD CONTRACTORS, INC",3553997,"GA",2025-09-25,standardconstructors.com,"Standard Constructors – Site • Civil • Railroad • Pile Driving • Marine",HIGH,,
"BME & SONS INC",3454400,"GU",2024-09-27,bmeandsons.com,"General Contractor | BME & Sons, Inc. | Guam",HIGH,,
"GUNCO. L.L.C.",3441515,"LA",2024-09-27,thegunco.com,"The Gun Co | Custom Firearms, Precision Parts & Tactical Gear",HIGH,,
"NORTH STAR CONSTRUCTION & ENGINEERING INC",3429185,"CA",2025-06-01,northstarinc.com,"Home - North Star Inc",HIGH,,
"PERSONS SERVICES CORP.",3367000,"MO",2026-07-14,personsservices.com,"Persons Services Corporation – Industrial Contractor",HIGH,,
"CHEROKEE NATION DEVELOPMENT GROUP, L.L.C.",3359489,"SC",2025-03-31,cherokeenationbusinesses.com,"Cherokee Nation Businesses",HIGH,,
"AR6 CONSTRUCTION & ENGINEERING, LLC",3320776,"TX",2026-02-19,ar6ce.com,"AR6 Construction & Engineering",HIGH,,
"GRACE CONTRACTING LLC",3314539,"TN",2025-09-15,gctenn.com,"Grace Contracting LLC",HIGH,,
"MUNICIPAL BASE SERVICES LLC",3299086,"LA",2024-09-28,municipalbaseservices.com,"Municipal Base Services, LLC | Homeland, GA",HIGH,340578180830,
"CHAD PODY CONSTRUCTION COMPANY, L.L.C.",3296989,"LA",2025-10-05,buildzoom.com,"Find local general contractors near you for free | BuildZoom",LOW,,
"MBM CONSTRUCTION CO",3292485,"MI",2026-01-15,mbmconstructioninc.com,"MBM Construction Company - Contact us",HIGH,340769200860,
"CHAMBER MTN. CONSTRUCTION INC.",3285401,"FL,NC",2024-09-27,chambermtn.com,"Construction Services, Federal Contractors | Clyde, NC",HIGH,340686314217,
"K&C CONTRACTORS, INC.",2987819,"NC",2025-01-02,knccontractors.com,"Home Improvement | K&C Contractor Solutions",HIGH,,
"INTERNATIONAL CONSULTING GROUP LLC",2981692,"LA",2025-09-03,internationalconsultinggroup.com,"International Consulting Group",HIGH,,
"RYMARK-S&S JOINT VENTURE LLC",2974763,"GA",2025-09-19,vnbis.com,"Business Financial Information | Company Credit Report - VNBIS",LOW,,
"IMPYRIAN LLC",2964727,"DC,NC",2025-09-03,impyrian.com,"Home - Impyrian",HIGH,,
"AIKO-KMK MP JV LLC",2910602,"ME",2025-03-05,bidsfactory.com,"Global Tenders & Procurement Opportunities | BidsFactory",LOW,,
"KWEST ENTERPRISES LLC",2838083,"AL",2025-10-06,kwestgroup.com,"Kwest Group",HIGH,,
"SHARON ZAMBO-FAN & ASSOCIATES, INC",2824880,"HI",2025-12-17,szfinc.com,"Marketing Consulting and Construction Firm, Hawaii",HIGH,,
"GCC ENTERPRISES INC.",2774951,"TX",2025-08-06,gccenterprise.com,"GCC Enterprises | Construction Management and Planning Services",HIGH,340671621824,
"HUOT CONSTRUCTION AND SERVICES, INC.",2763046,"MN",2025-08-28,huotcs.com,"Huot Construction – Home",HIGH,340777863909,
"ACCESS COMMUNICATIONS GROUP, LLC",2759520,"NM,TX",2025-09-29,acglp.com,"Access Communications Group, LLC | El Paso, TX",HIGH,,
"ACTS MELTECH JV2 LLC",2749614,"DC",2024-08-12,ussbdirectory.com,"Home | USSB Directory",LOW,,
"JD GENERAL ENGINEERING CORP",2722651,"NV",2025-10-27,jdgec.com,"JD General Engineering – Building Trust With Quality Work",HIGH,,
"RYAN HERRING CONSTRUCTION INC",2705853,"AR",2024-07-15,herringconstructioninc.com,"Home",LOW,,
"JBW SAC JV LLC",2670907,"FL",2025-09-04,jbwfederal.com,"",LOW,,site unreachable
"REAGENT WORLD, INC.",2647686,"CA,NY",2024-09-27,reagentworld.lookchem.com,"Reagent World, Inc. - Home",HIGH,,
"PARCON APC DESIGN BUILD, L.L.C",2582218,"FL",2025-08-25,flcompanyregistry.com,"Florida Company Directory",LOW,,
"KMM-BLACK WAVE LLC.",2512928,"NY",2025-09-25,kmmcorp.net,"KMM - The Backbone of Networks Built to Last",HIGH,,
"RELIANCE TEAM JOINT VENTURE 2 LLC",2495331,"VA",2024-09-30,relianceteamjv.com,"Reliance Team Joint Venture LLC",HIGH,,
"BATIR 1000 JOINT VENTURE",2452166,"IL",2024-10-11,batirarch.com,"architect firm in western Chicago metro area",HIGH,,
"DREAM DESIGN & CONSTRUCTION, INC",2445265,"FL",2025-10-23,dreamdesign-construction.com,"",HIGH,,
"SDV CONSTRUCTION, INC",2427027,"NM",2025-09-26,sdvconstruction.com,"General Contractor | SDV Construction, Inc. | New Mexico",HIGH,340760196799,
"ELBOW GREASE ENTERPRISES, LLC",2318518,"NM",2025-07-29,ege-llc.com,"Elbow Grease Enterprises (EGE) | Construction Management | Southern USA",HIGH,,
"FC CONSTRUCTION LLC",2302433,"MS",2024-09-01,fcconstruction-llc.com,"Home | FC Construction LLC",HIGH,,
"AMETHYST BUILDERS, LLC",2290028,"HI",2025-08-08,amethystbuilders.com,"Squarespace - Website Expired",HIGH,,
"UPSTATE CONSTRUCTION SERVICES INC",2286684,"NY",2025-08-01,upstateconstruction.net,"Upstate Construction Services, LLC",HIGH,,
"CHARLTON ENTERPRISES, INC",2273013,"GA",2025-09-22,ctcharlton.com,"Automotive Industry Global Sourcing & Business Development | Charlton",HIGH,,
"BFA CONTRACTING, INC.",2261220,"GA",2025-07-31,bfacontracting.com,"",LOW,,site unreachable
"FRAWNER CORPORATION",2256336,"AK",2024-09-16,members.agcak.org,"Public Modules - Associated General Contractors of Alaska (AGC) - Associated Gen",LOW,,
"WM. WINKLER COMPANY",2204440,"WA",2025-09-30,wmwinkler.com,"​​Concrete Construction Services | WM Winkler",HIGH,,
"GOLD WAVE INC",2199792,"IN,WI",2024-09-05,goldwaveinc.com,"",LOW,,site unreachable
"BCE CONSTRUCTION INC",2195260,"AZ",2025-09-25,bcegovbuilders.com,"BCE Construction - Home",HIGH,,
"FRONTLINE GROUP LLC",2161333,"NY",2026-06-23,frontline.group,"Frontline Group | Call Center Consulting & Outsourced Tech Support",HIGH,,
"CANTERBURY ENTERPRISES, LLC",2088016,"VA",2025-09-30,cbury.net,"Canterbury Enterprises |",HIGH,,
"BRICE CIVIL CONSTRUCTORS, INC.",2024150,"AK",2025-12-31,calistabrice.com,"",LOW,,site unreachable
"MICHAEL KOST",2020902,"NY",2026-05-29,michaelkosta.com,"Michael Kosta | Tour Dates & Tickets",HIGH,,