company_id,firm,domain,name,title,source_url,email,note
316185776843,"Dennis Batty & Associates Architects",dennisbatty.com,,,,,MANUAL: no named leader parsed (9 pages read)
319234724593,"SCI Architects",sciarch.com,,,,,MANUAL: no named leader parsed (9 pages read)
324923880144,"ANADAL Architecture & Design PC",anadalarchitecture.com,,,,,MANUAL: no named leader parsed (8 pages read)
330276711144,"Metamorphosis",morphosis.net,,,,,MANUAL: no named leader parsed (0 pages read)
332078986971,"Stovall Construction",stovallconstruction.com,,,,,MANUAL: no named leader parsed (0 pages read)
331839944438,"Colarelli Construction",colarelli.com,,,,,MANUAL: no named leader parsed (0 pages read)
332332268219,"International Construction Services",intlconstserv.com,,,,,MANUAL: no named leader parsed (8 pages read)
331793681111,"JBA Construction",jbaconstruction.net,,,,,MANUAL: no named leader parsed (9 pages read)
332355909360,"DJB Contracting",djbcontracting.com,,,,,MANUAL: no named leader parsed (0 pages read)
332334076603,"MZM Construction",mzmconstruction.com,,,,,MANUAL: no named leader parsed (1 pages read)
332314637032,"Central Builders",cntrlbuilders.com,,,,,MANUAL: no named leader parsed (8 pages read)
340594349775,"Mil-Spec Construction",milspec.construction,,,,,MANUAL: no named leader parsed (9 pages read)
345643633363,"Henry Adams",henryadams.com,,,,,MANUAL: no named leader parsed (8 pages read)
345713038038,"Johnson Mirmiran & Thompson (JMT)",jmt.com,,,,,MANUAL: no named leader parsed (9 pages read)
346147428069,"Kane Manthey Architects Incorporated",kanemanthey.com,,,,,MANUAL: no named leader parsed (0 pages read)
347137456828,"Cedarville Engineering Group",cedarvilleeng.com,,,,,MANUAL: no named leader parsed (2 pages read)
347118976722,"Constantine Engineering Associates",constantineengineering.com,,,,,MANUAL: no named leader parsed (9 pages read)
347137619666,"GHD",ghd.com,,,,,MANUAL: no named leader parsed (9 pages read)
347001296611,"Hana Engineers and Consultants",hanaengineers.com,,,,,MANUAL: no named leader parsed (9 pages read)
347135622859,"Honor Engineer Co.",honorengineer.com,,,,,MANUAL: no named leader parsed (9 pages read)
346966512318,"LBE, Inc.",lbeeng.com,,,,,MANUAL: no named leader parsed (9 pages read)
347129248457,"Mattern & Craig",matternandcraig.com,,,,,MANUAL: no named leader parsed (9 pages read)
347135622860,"Mott MacDonald",mottmac.com,"Al-Mansoor Amin","Principal dry utilities engineer, Middle East",https://mottmac.com,,
347135622860,"Mott MacDonald",mottmac.com,"Dani Delaloye","Principal engineer, tunnels and trenchless, North America",https://mottmac.com,,
347135622860,"Mott MacDonald",mottmac.com,"Frances Badelow","Managing director, Australia",https://mottmac.com,,
347135622860,"Mott MacDonald",mottmac.com,"Thanawat Chuleekiat","Technical principal, geotechnics, Middle East",https://mottmac.com,,
346982787817,"Raymond Engineering",raymond.global,,,,,MANUAL: no named leader parsed (9 pages read)
347125317334,"WBCM",wbcm.com,,,,,MANUAL: no named leader parsed (0 pages read)
347125317335,"CDM Smith",cdmsmith.com,,,,,MANUAL: no named leader parsed (9 pages read)
347055630038,"Wood",woodgroup.com,,,,,MANUAL: no named leader parsed (9 pages read)
348163385076,"Swank Enterprises",swankenterprises.com,,,,,MANUAL: no named leader parsed (1 pages read)
348085461700,"Alta Architects (formerly Muñoz & Company)",munoz-co.com,,,,,MANUAL: no named leader parsed (1 pages read)
348262707926,"Klein McCarthy Architects",kleinmccarthy.com,,,,,MANUAL: no named leader parsed (0 pages read)
348260919011,"Silling Architects",sillingarchitects.com,,,,,MANUAL: no named leader parsed (0 pages read)
348259140284,"Sedalco Construction Services",sedalco.com,,,,,MANUAL: no named leader parsed (9 pages read)
348188465869,"Stevens & Wilkinson",stevens-wilkinson.com,,,,,MANUAL: no named leader parsed (9 pages read)
348397075173,"Highline Partners",highline-partners.com,,,,,MANUAL: no named leader parsed (9 pages read)
348357387971,"Montana Construction",montana-construction.com,,,,,MANUAL: no named leader parsed (9 pages read)
348568573653,"Red Lodge Contracting",redlodgecontracting.com,,,,,MANUAL: no named leader parsed (6 pages read)
348313493213,"Teton Village Builders",tetonvillagebuilders.com,,,,,MANUAL: no named leader parsed (0 pages read)