name,action,hubspot_id,note
"Berkshire Hathaway","SKIP-DUP","348483848901","existing bd_audience=end_user"
"Amazon","SKIP-DUP","343262217933","existing bd_audience=end_user"
"Alphabet","SKIP-DUP","343252475590","existing bd_audience=end_user"
"Microsoft","SKIP-DUP","159503889111","existing bd_audience=end_user"
"Apple","SKIP-DUP","159518454460","existing bd_audience=blank"
"ExxonMobil","SKIP-DUP","348529668845","existing bd_audience=end_user"
"UnitedHealth Group","SKIP-DUP","154638651122","existing bd_audience=end_user"
"Walmart","SKIP-DUP","343276568311","existing bd_audience=end_user"
"Goldman Sachs Group","SKIP-DUP","297765940963","existing bd_audience=end_user"
"Meta Platforms","SKIP-DUP","343260430010","existing bd_audience=end_user"
"Morgan Stanley","CREATED","348348849890",""
"Chevron","SKIP-DUP","348373894873","existing bd_audience=end_user"
"Verizon Communications","SKIP-DUP","348445108984","existing bd_audience=end_user"
"AT&T","SKIP-DUP","159442413300","existing bd_audience=blank"
"Johnson & Johnson","CREATED","348558346984",""
"Comcast","SKIP-DUP","159520341744","existing bd_audience=blank"
"NVIDIA","SKIP-DUP","343281936098","existing bd_audience=end_user"
"American Express","CREATED","348474847967",""
"Procter & Gamble","SKIP-DUP","348400920306","existing bd_audience=end_user"
"Oracle","SKIP-DUP","343278363372","existing bd_audience=end_user"
"The Home Depot","CREATED","348415049411",""
"Broadcom","SKIP-DUP","348529668853","existing bd_audience=end_user"
"Tesla","SKIP-DUP","154542844606","existing bd_audience=end_user"
"The Walt Disney Company","CREATED","348305127141",""
"Pfizer","SKIP-DUP","346803178227","existing bd_audience=end_user"
"CVS Health","SKIP-DUP","343232699098","existing bd_audience=end_user"
"Merck & Co.","SKIP-DUP","348601172696","existing bd_audience=end_user"
"PepsiCo","SKIP-DUP","348434350787","existing bd_audience=end_user"
"RTX","SKIP-DUP","345734909650","existing bd_audience=blank"
"Costco Wholesale","SKIP-DUP","159221543615","existing bd_audience=blank"
"Cisco Systems","SKIP-DUP","348483848907","existing bd_audience=end_user"
"IBM","SKIP-DUP","159512952557","existing bd_audience=end_user"
"Progressive","SKIP-DUP","325511379687","existing bd_audience=end_user"
"Elevance Health","SKIP-DUP","154617096948","existing bd_audience=end_user"
"General Motors","SKIP-DUP","158800237251","existing bd_audience=end_user"
"Coca-Cola","SKIP-DUP","343309948628","existing bd_audience=end_user"
"ConocoPhillips","SKIP-DUP","345661087426","existing bd_audience=end_user"
"AbbVie","SKIP-DUP","348373894877","existing bd_audience=end_user"
"Caterpillar","SKIP-DUP","348583142130","existing bd_audience=end_user"
"Cigna","SKIP-DUP","154505413334","existing bd_audience=end_user"
"GE Aerospace","SKIP-DUP","348356100848","existing bd_audience=end_user"
"Charles Schwab","CREATED","348565555911",""
"Ford Motor","CREATED","348529702628",""
"MetLife","SKIP-DUP","348576206578","existing bd_audience=end_user"
"Eli Lilly","SKIP-DUP","348565524165","existing bd_audience=end_user"
"Abbott Laboratories","SKIP-DUP","348474816226","existing bd_audience=end_user"
"Salesforce","SKIP-DUP","159442418397","existing bd_audience=end_user"
"Thermo Fisher Scientific","SKIP-DUP","346912374490","existing bd_audience=end_user"
"John Deere","CREATED","348583176923",""
"Bank of New York Mellon","CREATED","348576235254",""
"Charter Communications","CREATED","348529702631",""
"NextEra Energy","SKIP-DUP","343232678602","existing bd_audience=end_user"
"United Parcel Service","CREATED","348586605272",""
"Bristol Myers Squibb","SKIP-DUP","346996304589","existing bd_audience=end_user"
"Duke Energy","SKIP-DUP","343262195405","existing bd_audience=end_user"
"Apollo Global Management","CREATED","348569150147",""
"Philip Morris International","CREATED","348399140577",""
"Dell Technologies","CREATED","348373919471",""
"Prudential Financial","SKIP-DUP","348373894885","existing bd_audience=end_user"
"Allstate","SKIP-DUP","348421630665","existing bd_audience=end_user"
"Netflix","SKIP-DUP","343218282183","existing bd_audience=end_user"
"Travelers","SKIP-DUP","348586581710","existing bd_audience=end_user"
"BlackRock","SKIP-DUP","346874089201","existing bd_audience=end_user"
"Honeywell International","SKIP-DUP","345713357517","existing bd_audience=end_user"
"Lockheed Martin","SKIP-DUP","348457359036","existing bd_audience=end_user"
"Qualcomm","SKIP-DUP","345709563616","existing bd_audience=end_user"
"McKesson","SKIP-DUP","348624382652","existing bd_audience=end_user"
"Southern Company","CREATED","348584964806",""
"Uber","SKIP-DUP","348565524170","existing bd_audience=end_user"
"Amgen","SKIP-DUP","348428973814","existing bd_audience=end_user"
"HCA Healthcare","SKIP-DUP","348483848915","existing bd_audience=end_user"
"Lowe's","SKIP-DUP","158857533148","existing bd_audience=blank"
"KKR","SKIP-DUP","348418678459","existing bd_audience=end_user"
"FedEx","SKIP-DUP","348410009309","existing bd_audience=end_user"
"Marathon Petroleum","CREATED","348373919474",""
"McDonald's","SKIP-DUP","348569117404","existing bd_audience=end_user"
"Mondelez International","SKIP-DUP","346890460901","existing bd_audience=end_user"
"Micron Technology","SKIP-DUP","159442422520","existing bd_audience=blank"
"Union Pacific","CREATED","348373919475",""
"Gilead Sciences","SKIP-DUP","346873828064","existing bd_audience=end_user"
"American International Group","CREATED","348483882700",""
"PayPal","SKIP-DUP","159405501134","existing bd_audience=blank"
"Danaher","SKIP-DUP","348348827344","existing bd_audience=end_user"
"General Dynamics","CREATED","348436095696",""
"Target","SKIP-DUP","154657411818","existing bd_audience=end_user"
"Discover Financial Services","SKIP-DUP","343225519864","existing bd_audience=end_user"
"Centene","SKIP-DUP","154681732809","existing bd_audience=end_user"
"Aflac","SKIP-DUP","348579636958","existing bd_audience=end_user"
"Kroger","SKIP-DUP","343302697710","existing bd_audience=end_user"
"TJX Cos","SKIP-DUP","348373894893","existing bd_audience=end_user"
"Marsh McLennan","SKIP-DUP","348428974780","existing bd_audience=end_user"
"Northrop Grumman","SKIP-DUP","159425814241","existing bd_audience=blank"
"Phillips 66","CREATED","348400943836",""
"Nike","SKIP-DUP","348427178739","existing bd_audience=end_user"
"Delta Air Lines","CREATED","348403099342",""
"Automatic Data Processing","SKIP-DUP","348403065586","existing bd_audience=end_user"
"Cencora","SKIP-DUP","348427178744","existing bd_audience=end_user"
"American Electric","CREATED","348436095700",""
"Ameriprise Financial","SKIP-DUP","154683520721","existing bd_audience=end_user"
"SLB","SKIP-DUP","348457359045","existing bd_audience=end_user"
"EOG Resources","SKIP-DUP","348569117411","existing bd_audience=end_user"
"Applied Materials","CREATED","348601195202",""
"Occidental Petroleum","SKIP-DUP","346967720644","existing bd_audience=end_user"
"PG&E","SKIP-DUP","348427179706","existing bd_audience=end_user"
"Exelon","SKIP-DUP","343296148199","existing bd_audience=end_user"
"GE Vernova","SKIP-DUP","348415024885","existing bd_audience=end_user"
"Advanced Micro Devices (AMD)","CREATED","348586605278",""
"Constellation Energy","SKIP-DUP","343211084511","existing bd_audience=end_user"
"United Airlines Holdings","CREATED","348415049425",""
"State Street","CREATED","348529702647",""
"Newmont","SKIP-DUP","348434350808","existing bd_audience=end_user"
"Paccar","SKIP-DUP","348421630676","existing bd_audience=end_user"
"Kraft Heinz Company","SKIP-DUP","348586581717","existing bd_audience=end_user"
"Altria Group","SKIP-DUP","348583143105","existing bd_audience=end_user"
"Oneok","SKIP-DUP","348415024888","existing bd_audience=end_user"
"Stryker","SKIP-DUP","348558316258","existing bd_audience=end_user"
"Starbucks","SKIP-DUP","343250697957","existing bd_audience=end_user"
"Hartford Financial Services","CREATED","348400943839",""
"0.0030","SKIP-DUP","348569117418","existing bd_audience=end_user"
"Adobe","SKIP-DUP","343196759764","existing bd_audience=end_user"
"S&P Global","SKIP-DUP","348445109971","existing bd_audience=end_user"
"Waste Management","SKIP-DUP","348445109972","existing bd_audience=end_user"
"Booking Holdings","SKIP-DUP","346930117334","existing bd_audience=end_user"
"IntercontinentalExchange","SKIP-DUP","348569117419","existing bd_audience=end_user"
"Fannie Mae","SKIP-DUP","348400921283","existing bd_audience=end_user"
"D.R. Horton","SKIP-DUP","348576207558","existing bd_audience=end_user"
"Freddie Mac","SKIP-DUP","348348827352","existing bd_audience=end_user"
"Carrier Global","SKIP-DUP","348576207559","existing bd_audience=end_user"
"Kinder Morgan","SKIP-DUP","345722142425","existing bd_audience=end_user"
"Cardinal Health","CREATED","348430693075",""
"Texas Instruments","CREATED","348584964821",""
"Freeport-McMoRan","SKIP-DUP","348576207563","existing bd_audience=end_user"
"Cummins","SKIP-DUP","159221550824","existing bd_audience=blank"
"Hewlett Packard Enterprise","SKIP-DUP","348410009327","existing bd_audience=end_user"
"Sempra","SKIP-DUP","343267593960","existing bd_audience=end_user"
"Archer Daniels Midland","SKIP-DUP","348576207564","existing bd_audience=end_user"
"Dominion Energy","SKIP-DUP","343227257577","existing bd_audience=end_user"
"Becton Dickinson","SKIP-DUP","348356101829","existing bd_audience=end_user"
"Synchrony Financial","SKIP-DUP","348457359055","existing bd_audience=end_user"
"Intuit","SKIP-DUP","159520406259","existing bd_audience=end_user"
"Valero Energy","SKIP-DUP","345728992976","existing bd_audience=end_user"
"Humana","SKIP-DUP","154510798552","existing bd_audience=end_user"
"Lennar","SKIP-DUP","348445109975","existing bd_audience=end_user"
"Baker Hughes Company","CREATED","348434372339",""
"Boston Scientific","CREATED","348410032867",""
"HP","SKIP-DUP","348474816248","existing bd_audience=end_user"
"Cheniere Energy","SKIP-DUP","348601172717","existing bd_audience=end_user"
"Prologis","SKIP-DUP","345730713312","existing bd_audience=developer"
"Blackstone","SKIP-DUP","345638346461","existing bd_audience=end_user"
"Emerson Electric","CREATED","348430693082",""
"Corebridge Financial","SKIP-DUP","348441481933","existing bd_audience=end_user"
"Regeneron Pharmaceuticals","SKIP-DUP","348474817210","existing bd_audience=end_user"
"Parker-Hannifin","SKIP-DUP","348483848937","existing bd_audience=end_user"
"Vistra Energy","SKIP-DUP","348624382666","existing bd_audience=end_user"
"Raymond James Financial","CREATED","348584964832",""
"CSX","SKIP-DUP","348430669504","existing bd_audience=end_user"
"Royal Caribbean Group","CREATED","348474848962",""
"Consolidated Edison","CREATED","348565555943",""
"American Tower","CREATED","348457381563",""
"Sysco","SKIP-DUP","348529669844","existing bd_audience=end_user"
"Boeing","SKIP-DUP","348400921298","existing bd_audience=end_user"
"Marriott International","CREATED","348400943849",""
"Sherwin-Williams","SKIP-DUP","348400921299","existing bd_audience=end_user"
"Xcel Energy","SKIP-DUP","287804403426","existing bd_audience=end_user"
"Carnival Corporation","SKIP-DUP","348565524199","existing bd_audience=end_user"
"Diamondback Energy","SKIP-DUP","346868644578","existing bd_audience=end_user"
"Air Products & Chemicals","CREATED","348617262782",""
"Northern Trust","CREATED","348415049436",""
"CME Group","SKIP-DUP","348457359065","existing bd_audience=end_user"
"Norfolk Southern","CREATED","348410032877",""
"L3Harris Technologies","SKIP-DUP","348558317243","existing bd_audience=end_user"
"Intel","SKIP-DUP","343225520845","existing bd_audience=end_user"
"Republic Services","SKIP-DUP","345715866355","existing bd_audience=end_user"
"Williams","CREATED","348410032880",""
"Keurig Dr Pepper","SKIP-DUP","348583143129","existing bd_audience=end_user"
"Nucor","SKIP-DUP","348399118019","existing bd_audience=end_user"
"Gallagher","SKIP-DUP","159221544646","existing bd_audience=blank"
"Lam Research","SKIP-DUP","348576207578","existing bd_audience=end_user"
"General Mills","SKIP-DUP","154510798559","existing bd_audience=blank"
"Edison International","CREATED","348586605299",""
"Amphenol","SKIP-DUP","348624382676","existing bd_audience=end_user"
"Markel","SKIP-DUP","348356101849","existing bd_audience=end_user"
"GE HealthCare Technologies","SKIP-DUP","348558317248","existing bd_audience=end_user"
"United Rentals","CREATED","348305128139",""
"Analog Devices","SKIP-DUP","348620946154","existing bd_audience=end_user"
"Loews","SKIP-DUP","274922205888","existing bd_audience=blank"
"Equitable Holdings","SKIP-DUP","348428974813","existing bd_audience=end_user"
"Tyson Foods","SKIP-DUP","348427179732","existing bd_audience=end_user"
"Ecolab","SKIP-DUP","154681732811","existing bd_audience=blank"
"Colgate-Palmolive","SKIP-DUP","348583143134","existing bd_audience=end_user"
"Public Service Enterprise Group","CREATED","348529703633",""
"Lincoln National","CREATED","348586605301",""
"AutoZone","SKIP-DUP","343265795798","existing bd_audience=end_user"
"CBRE Group","SKIP-DUP","348430669516","existing bd_audience=end_user"
"Continental Automotive Systems, Inc.","SKIP-DUP","348601173700","existing bd_audience=end_user"
"Hess","SKIP-DUP","249968904925","existing bd_audience=blank"
"W. R. Berkley","CREATED","348474848972",""
"Entergy","SKIP-DUP","343274765015","existing bd_audience=end_user"
"Dollar General","SKIP-DUP","343205675750","existing bd_audience=end_user"
"Corteva","SKIP-DUP","348583143145","existing bd_audience=end_user"
"Principal Financial Group","SKIP-DUP","348583143146","existing bd_audience=end_user"
"Cognizant","SKIP-DUP","159479847633","existing bd_audience=blank"
"Devon Energy","SKIP-DUP","348558317258","existing bd_audience=end_user"
"DTE Energy","SKIP-DUP","343218257626","existing bd_audience=end_user"
"Fidelity National Financial","SKIP-DUP","348624382686","existing bd_audience=end_user"
"Illinois Tool Works","SKIP-DUP","348356101858","existing bd_audience=end_user"
"AirBnB","SKIP-DUP","347045969633","existing bd_audience=end_user"
"O'Reilly Automotive","SKIP-DUP","348403066586","existing bd_audience=end_user"
"Kimberly-Clark","CREATED","348403099361",""
"FirstEnergy","SKIP-DUP","343218257627","existing bd_audience=end_user"
"Halliburton","SKIP-DUP","345626434293","existing bd_audience=end_user"
"Ross Stores","CREATED","348403099363",""
"ServiceNow","SKIP-DUP","159518559957","existing bd_audience=end_user"
"Targa Resources","CREATED","348529703637",""
"WEC Energy Group","SKIP-DUP","343306266341","existing bd_audience=end_user"
"Welltower","CREATED","348415049443",""
"Cincinnati Financial","CREATED","348558347988",""
"NRG Energy","SKIP-DUP","343263996662","existing bd_audience=end_user"
"Warner Bros. Discovery","SKIP-DUP","343252475593","existing bd_audience=end_user"
"Kenvue","CREATED","348601195225",""
"Intuitive Surgical","CREATED","348478230206",""
"Unum Group","CREATED","348576236254",""
"IQVIA","CREATED","348474848980",""
"Reinsurance Group of America","CREATED","348430693098",""
"Fox","CREATED","348645913294",""
"Tenet Healthcare","SKIP-DUP","343267617483","existing bd_audience=end_user"
"Albertsons","SKIP-DUP","343309947608","existing bd_audience=end_user"
"KLA","CREATED","348569150188",""
"PulteGroup","CREATED","348427202248",""
"Quanta Services","CREATED","348410033850",""
"WW Grainger","CREATED","348410033851",""
"Interactive Brokers Group","CREATED","348418703045",""
"Global Payments","CREATED","348428997331",""
"VICI Properties","CREATED","348569150194",""
"Roper Technologies","CREATED","348529703649",""
"Eversource Energy","SKIP-DUP","343180528336","existing bd_audience=end_user"
"Dow","CREATED","348421653200",""
"Coinbase","CREATED","348418703049",""
"Equinix","SKIP-DUP","343406143222","existing bd_audience=end_user"
"TransDigm Group","CREATED","348474848990",""
"PPG","CREATED","348645913301",""
"Simon Property Group","CREATED","348305128153",""
"Palo Alto Networks","SKIP-DUP","159374042869","existing bd_audience=blank"
"NASDAQ","CREATED","348617262814",""
"Bunge Global","CREATED","348529703653",""
"Omnicom Group","CREATED","348400944835",""
"Fidelity National Information (FIS)","CREATED","348356132564",""
"Ameren","SKIP-DUP","343209229002","existing bd_audience=end_user"
"Molina Healthcare","SKIP-DUP","154635095791","existing bd_audience=end_user"
"CenterPoint Energy","SKIP-DUP","343205653222","existing bd_audience=end_user"
"eBay","CREATED","348432497391",""
"Western Digital","CREATED","348529703655",""
"Hilton Worldwide Holdings","SKIP-DUP","159520335585","existing bd_audience=blank"
"DuPont De Nemours","CREATED","348305128156",""
"Zoetis","CREATED","348399141574",""
"Realty Income","CREATED","348576236263",""
"Chipotle Mexican Grill","CREATED","348373920472",""
"Expedia Group","CREATED","348478230211",""
"Motorola Solutions","CREATED","348373920474",""
"Cintas","CREATED","348400944837",""
"Live Nation Entertainment","CREATED","348569150198",""
"Otis Worldwide","CREATED","348356132572",""
"PPL","SKIP-DUP","343267593959","existing bd_audience=end_user"
"Super Micro Computer","CREATED","348584965831",""
"American Airlines Group","CREATED","348569151169",""
"Las Vegas Sands","CREATED","348356132578",""
"Southwest Airlines","CREATED","348415049462",""
"Biogen","CREATED","348356132581",""
"The Hershey Company","CREATED","348305128167",""
"Arista Networks","CREATED","348584965834",""
"Walgreens Boots Alliance","CREATED","348576236271",""
"Moody's","CREATED","348432497399",""
"Genuine Parts","SKIP-DUP","343260429006","existing bd_audience=end_user"
"Kellanova","CREATED","348478230220",""
"Venture Global","CREATED","348576236274",""
"CDW","SKIP-DUP","346917825272","existing bd_audience=end_user"
"CMS Energy","SKIP-DUP","343292592886","existing bd_audience=end_user"
"Steel Dynamics","CREATED","348403100360",""
"Westinghouse Air Brake Technologies","CREATED","348348850914",""
"International Paper","CREATED","348428997351",""
"Flex","CREATED","348584965841",""
"Corning","CREATED","348558348989",""
"TD SYNNEX","SKIP-DUP","158800241372","existing bd_audience=blank"
"Robinhood Markets","CREATED","348356132599",""
"Public Storage","CREATED","348441507530",""
"Best Buy","SKIP-DUP","154505413329","existing bd_audience=end_user"
"AES","CREATED","348305128181",""
"Tractor Supply","SKIP-DUP","321140162295","existing bd_audience=blank"
"Leidos","SKIP-DUP","325353444032","existing bd_audience=big_firm"
"Martin Marietta Materials","CREATED","348430694084",""
"Monster Beverage","CREATED","348483883746",""
"American Water Works","CREATED","348558348991",""
"MGM Resorts","SKIP-DUP","159477989110","existing bd_audience=blank"
"Vertex Pharmaceuticals","CREATED","348403100369",""
"Coupang","CREATED","348403100372",""
"Annaly Capital Management","CREATED","348483883751",""
"Flutter Entertainment","CREATED","348529704640",""
"Synopsys","CREATED","348445132533",""
"Molson Coors Brewing","CREATED","348445132535",""
"Penske Automotive","CREATED","348445132537",""
"LPL Financial Holdings","CREATED","348558348999",""
"Yum! Brands","CREATED","348400944857",""
"Lithia Motors","SKIP-DUP","154550023897","existing bd_audience=blank"
"NVR","CREATED","348569151201",""
"Dover","CREATED","348529704645",""
"Fortinet","CREATED","348356133568",""
"AppLovin","CREATED","348645913326",""
"Howmet Aerospace","CREATED","348400944863",""
"Labcorp Holdings","CREATED","348565556972",""
"Darden Restaurants","CREATED","348645913328",""
"EMCOR Group","CREATED","348445133499",""
"Fastenal","SKIP-DUP","287808580340","existing bd_audience=blank"
"Ametek","CREATED","348400944867",""
"Extra Space Storage","CREATED","348474850000",""
"Atmos Energy","CREATED","348410033884",""
"Jefferies Financial","CREATED","348432498374",""
"Builders FirstSource","CREATED","348427202278",""
"Xylem","CREATED","348415050437",""
"Paychex","CREATED","348586606304",""
"Vulcan Materials","CREATED","348565556982",""
"Dick's Sporting Goods","SKIP-DUP","343221909238","existing bd_audience=end_user"
"Zimmer Biomet","CREATED","348569151212",""
"Ulta Beauty","SKIP-DUP","343273027296","existing bd_audience=end_user"
"Copart","CREATED","348457381604",""
"Digital Realty Trust","CREATED","348305129156",""
"CarMax","CREATED","348586606306",""
"AvalonBay Communities","CREATED","348601196223",""
"Jabil Circuit","CREATED","348441507542",""
"Workday","CREATED","348305129158",""
"Electronic Arts","CREATED","348428997367",""
"Ingersoll Rand","CREATED","348403100393",""
"Dollar Tree","SKIP-DUP","343273027287","existing bd_audience=end_user"
"T Rowe Price","CREATED","348373920496",""
"Universal Health Services","CREATED","348356133589",""
"Edwards Lifesciences","CREATED","348601196224",""
"Quest Diagnostics","SKIP-DUP","326827583203","existing bd_audience=blank"
"Voya Financial","CREATED","348569151219",""
"Paramount","SKIP-DUP","343302698731","existing bd_audience=end_user"
"Jackson Financial","CREATED","348430694099",""
"Cadence Design","CREATED","348558349016",""
"Equity Residential","CREATED","348403100394",""
"Autodesk","SKIP-DUP","159221538502","existing bd_audience=blank"
"StoneX Group","CREATED","348565557963",""
"Textron","CREATED","348529704666",""
"Assurant","CREATED","348445133508",""
"International Flavors & Fragrances","CREATED","348558349018",""
"Rockwell Automation","SKIP-DUP","345734382279","existing bd_audience=end_user"
"US Foods","CREATED","348645913336",""
"Performance Food Group","CREATED","348558349021",""
"Evergy","SKIP-DUP","343288984253","existing bd_audience=end_user"
"Monolithic Power Systems","CREATED","348565557965",""
"DaVita","SKIP-DUP","343227278028","existing bd_audience=end_user"
"Agilent Technologies","CREATED","348457381609",""
"NiSource","SKIP-DUP","343263996658","existing bd_audience=end_user"
"Coterra Energy","CREATED","348400944880",""
"The Estée Lauder Companies","CREATED","348474850012",""
"Brown & Brown","CREATED","348474850013",""
"Crown Castle International","CREATED","348305129166",""
"Gartner","CREATED","348478230243",""
"Constellation Brands","CREATED","348474850014",""
"ResMed","CREATED","348403100404",""
"Fluor","CREATED","348645913337",""
"MSCI","CREATED","348428998333",""
"Reliance Steel","CREATED","348576237264",""
"Booz Allen Hamilton Holding","CREATED","348586606316",""
"EQT","CREATED","348576237267",""
"ON Semiconductor","CREATED","348617263803",""
"Williams-Sonoma","SKIP-DUP","343260429003","existing bd_audience=end_user"
"Vertiv Holdings","CREATED","348457381614",""
"Baxter International","SKIP-DUP","240242436842","existing bd_audience=blank"
"Hormel Foods","CREATED","348529704670",""
"American Financial Group","CREATED","348400944883",""
"MicroStrategy","CREATED","348400944884",""
"BJ's Wholesale Club","SKIP-DUP","343211104992","existing bd_audience=end_user"
"DoorDash","SKIP-DUP","304682335954","existing bd_audience=blank"
"Viatris","CREATED","348403101371",""
"Jones Lang LaSalle","CREATED","348586606318",""
"Westlake Corporation","CREATED","348421654206",""
"Echostar","CREATED","348483884741",""
"Old Dominion Freight Line","CREATED","348373920499",""
"Corpay","CREATED","348601196235",""
"Verisk Analytics","CREATED","348432498391",""
"Toll Brothers","CREATED","348576237269",""
"Casey's General Stores","SKIP-DUP","343294382800","existing bd_audience=end_user"
"Carvana","CREATED","348305129175",""
"Jacobs Solutions","CREATED","348428998339",""
"Carlyle Group","CREATED","348305129178",""
"Pinterest","CREATED","348569152196",""
"Expeditors International","CREATED","348430694108",""
"Fortive","CREATED","348645914305",""
"IDEXX Laboratories","CREATED","348427202293",""
"Packaging Corp of America","CREATED","348434373362",""
"Ovintiv","CREATED","348356133605",""
"SS&C Technologies","CREATED","348403101377",""
"Carlisle Cos","CREATED","348483884750",""
"Broadridge Financial","CREATED","348441507553",""
"NetApp","CREATED","348305129182",""
"Globe Life","CREATED","348584966847",""
"Ares Management","CREATED","348348851912",""
"WESCO International","CREATED","348483884755",""
"GoDaddy","SKIP-DUP","159518558937","existing bd_audience=blank"
"Zoom Video Communications","CREATED","348432498397",""
"Veeva Systems","CREATED","348569152209",""
"LKQ","CREATED","348569152210",""
"Macy's","SKIP-DUP","343309947604","existing bd_audience=end_user"
"Alliant Energy","SKIP-DUP","343278342857","existing bd_audience=end_user"
"AutoNation","CREATED","348645914314",""
"Trimble","CREATED","348403101382",""
"Palantir Technologies","CREATED","348348851913",""
"Ingram Micro Holding","CREATED","348601196239",""
"Ventas","CREATED","348399141618",""
"McCormick","CREATED","348583178950",""
"Arrow Electronics","CREATED","348529704683",""
"Marvell Technology","CREATED","348457381620",""
"AECOM","SKIP-DUP","329175568075","existing bd_audience=architect"
"Teledyne Technologies","CREATED","348583178951",""
"VeriSign","CREATED","348584966859",""
"Old Republic International","CREATED","348400945854",""
"SoFi","CREATED","348356133616",""
"Smithfield Foods","CREATED","348569152216",""
"Mettler-Toledo International","CREATED","348583178952",""
"Norwegian Cruise Line Holdings","CREATED","348576237283",""
"First Solar","CREATED","348305129191",""
"J.B. Hunt Transport Services","CREATED","348403101391",""
"Owens Corning","CREATED","348601196242",""
"Veralto","CREATED","348645914319",""
"Expand Energy","CREATED","348432498400",""
"Gap","SKIP-DUP","343247103717","existing bd_audience=end_user"
"Stanley Black & Decker","CREATED","348457381623",""
"FICO","CREATED","348356133621",""
"Avery Dennison","CREATED","348436096747",""
"DocuSign","CREATED","348441507561",""
"US Steel","CREATED","348601196243",""
"Royalty Pharma","CREATED","348430694117",""
"Ball","CREATED","348427203263",""
"Murphy USA","SKIP-DUP","343229118182","existing bd_audience=end_user"
"SBA Communications","CREATED","348421654223",""
"Conagra Brands","CREATED","348418704064",""
"CBOE Global Markets","CREATED","348584966868",""
"Lumen Technologies","CREATED","348624406244",""
"Equifax","CREATED","348601196246",""
"Snap-on","CREATED","348399142586",""
"Alcoa","CREATED","348399142587",""
"C.H. Robinson","CREATED","348427203265",""
"Masco","CREATED","348576237293",""
"Heico","CREATED","348356134591",""
"Hyatt Hotels","CREATED","348399142590",""
"Brown-Forman","CREATED","348478231231",""
"APA","CREATED","348583178962",""
"Deckers Outdoor","CREATED","348434374333",""
"Rithm Capital","CREATED","348624406250",""
"CF Industries Holdings","CREATED","348430694126",""
"AGNC Investment","CREATED","348434374336",""
"Stifel Financial","CREATED","348584966880",""
"United Therapeutics","CREATED","348624406252",""
"Lennox International","CREATED","348356134595",""
"Franklin Resources","CREATED","348445133540",""
"CrowdStrike","SKIP-DUP","347000833731","existing bd_audience=end_user"
"Hubbell","CREATED","348356134596",""
"Eastman","CREATED","348529705669",""
"Tapestry","SKIP-DUP","343229119168","existing bd_audience=end_user"
"Brookfield Renewable Holdings","CREATED","348569152240",""
"Burlington Stores","CREATED","348403101404",""
"Brighthouse Financial","CREATED","348410034895",""
"Cleveland-Cliffs","CREATED","348457382606",""
"Goodyear","CREATED","348418704076",""
"Pinnacle West","CREATED","348445133543",""
"Dexcom","CREATED","348565558001",""
"News Corp","CREATED","348445133544",""
"Ansys","CREATED","348529705673",""
"HF Sinclair","CREATED","348558350024",""
"Keysight Technologies","CREATED","348558350026",""
"Liberty Broadband","CREATED","348418704079",""
"Church & Dwight","CREATED","348584966895",""
"Chewy","CREATED","348418704080",""
"Genworth Financial","CREATED","348427203272",""
"Caesars Entertainment","SKIP-DUP","159442410200","existing bd_audience=blank"
"Alexandria Real Estate Equities","CREATED","348529705675",""
"Avis Budget Group","CREATED","348576237302",""
"Essex Property Trust","CREATED","348529705676",""
"Lear","CREATED","348434374340",""
"Ralph Lauren","CREATED","348529705677",""
"Iron Mountain","CREATED","348410034901",""
"Atlassian","SKIP-DUP","159518483153","existing bd_audience=blank"
"The Mosaic Company","CREATED","348569153210",""
"World Fuel Services","CREATED","348583178984",""
"Campbell Soup","CREATED","348445133547",""
"Waters","CREATED","348478231251",""
"RPM International","CREATED","348529705679",""
"Invitation Homes","CREATED","348348851938",""
"Watsco","CREATED","348434374344",""
"Snowflake","CREATED","348428998370",""
"Invesco","CREATED","348445133552",""
"Tradeweb Markets","CREATED","348474851015",""
"Comfort Systems USA","SKIP-DUP","158857523942","existing bd_audience=blank"
"PBF Energy","CREATED","348558350032",""
"United Natural Foods","CREATED","348558350034",""
"Axon Enterprise","CREATED","348569153216",""
"Roblox","CREATED","348399142608",""
"Group 1 Automotive","CREATED","348457382619",""
"JM Smucker","CREATED","348576238274",""
"Gen Digital","CREATED","348428998374",""
"Cloudflare","CREATED","348430695103",""
"Globalfoundries","CREATED","348576238275",""
"Altice USA","SKIP-DUP","345638339317","existing bd_audience=end_user"
"Weyerhaeuser","CREATED","348474851031",""
"Rollins","CREATED","348620969698",""
"Take-Two Interactive Software","CREATED","348620969699",""
"Interpublic Group","CREATED","348432498420",""
"Gaming And Leisure Properties","CREATED","348432499391",""
"Erie Indemnity","CREATED","348565558981",""
"Huntington Ingalls Industries","CREATED","348434374349",""
"Datadog","CREATED","348418704104",""
"CoStar Group","CREATED","348565558983",""
"Clorox","CREATED","348483884790",""
"Hologic","CREATED","348348851947",""
"Coca-Cola Bottling Consolidated","CREATED","348400945876",""
"Aramark","SKIP-DUP","282673655497","existing bd_audience=blank"
"Zscaler","CREATED","348400945877",""
"Taylor Morrison","CREATED","348457382635",""
"Alnylam Pharmaceuticals","CREATED","348558350044",""
"Crown Holdings","CREATED","348529705688",""
"HubSpot","SKIP-DUP","159221545715","existing bd_audience=blank"
"Permian Resources","CREATED","348576238279",""
"Avnet","CREATED","348601197263",""
"Domino's Pizza","SKIP-DUP","159221531325","existing bd_audience=blank"
"Oshkosh","SKIP-DUP","159425830628","existing bd_audience=blank"
"Ryder System","CREATED","348576238292",""
"Microchip Technology","CREATED","348305130184",""
"Mid-america Apartment Communities","CREATED","348601197267",""
"Alaska Air Group","CREATED","348583179972",""
"CoreWeave","CREATED","348620969704",""
"Starwood Property Trust","CREATED","348478231264",""
"F5","CREATED","348348851952",""
"SLM","CREATED","348373921504",""
"Whirlpool","CREATED","348356134627",""
"Inhibrx Biosciences","CREATED","348483885774",""
"SiriusXM Holdings","CREATED","348620969707",""
"Sprouts Farmers Markets","CREATED","348373921506",""
"Asbury Automotive Group","CREATED","348584967891",""
"Essential Utilities","CREATED","348569153243",""
"Trade Desk","CREATED","348624408293",""
"Celanese","CREATED","348373921508",""
"Talen Energy","CREATED","348601197269",""
"FactSet Research Systems","CREATED","348478231268",""
"Kimco Realty","CREATED","348474851051",""
"MasTec","CREATED","348565558994",""
"Solventum","CREATED","348348851956",""
"Warner Music Group","CREATED","348399142633",""
"Navient","CREATED","348415052514",""
"Manpower","CREATED","348457383616",""
"Graphic Packaging","CREATED","348441508555",""
"Ubiquiti","CREATED","348474851055",""
"Tyler Technologies","CREATED","348565558999",""
"Samsara","CREATED","348483885780",""
"W. P. Carey","CREATED","348576238307",""
"Skechers USA","CREATED","348356134635",""
"Kohl's","SKIP-DUP","343196757739","existing bd_audience=end_user"
"BXP","CREATED","348410034925",""
"Liberty Media Corporation Series A Liberty Formula One","CREATED","348586607335",""
"Hertz Global Holdings","CREATED","348410034926",""
"Reddit","CREATED","348620969713",""
"NOV","CREATED","348399142639",""
"U-Haul Holding","CREATED","348421655244",""
"Bath & Body Works","CREATED","348373921525",""
"Berry Global Group","CREATED","348415052519",""