"bestTier","recipient","awards","totalAmt","states","topNAICS","topAgency","sampleAward","sampleDesc","recipient_id","bd_engine_source"
"1","RRDS INC","3","5756768","CA;PA;MD","@{code=337215; description=SHOWCASE, PARTITION, SHELVING, AND LOCKER MANUFACTURING}","Department of Defense","W9128F25FA215","BALLISTIC PANEL CONFIGURATIONS AND FABRIC SKINS IN THE QUANTITIES AND LOCATIONS IDENTIFIED IN THE MASTER FACILITY LISTING FOR FY25","1186194a-aad6-7bf5-5a15-7f82bfedbc12-C","SAM/USASpending CA-scope harvest"
"1","HOUSTON-STARR DOORS, LLC","1","571505","DC","@{code=332321; description=METAL WINDOW AND DOOR MANUFACTURING}","Department of Defense","HQ003421C0095","BULLET RESISTANT DOOR AND FRAME ASSEMBLIES","3dc167cb-669a-9021-6cd1-bc3dbe1f3310-C","SAM/USASpending CA-scope harvest"
"1","W.W. GRAINGER, INC.","44","339715","IL","@{code=444110; description=HOME CENTERS}","General Services Administration","47QSSC26FBC39","BALLISTIC SAFETYGLASSES,ASSORTED,ANTIFOG","02d96557-827b-7983-b39e-007f84487932-C","SAM/USASpending CA-scope harvest"
"1","NORSHIELD SECURITY PRODUCTS, LLC","2","332490","KY;AL","@{code=332321; description=METAL WINDOW AND DOOR MANUFACTURING}","Department of Defense","W912HZ26FA091","W912HZ26Q7560- FORCED ENTRY/BALLISTIC RESISTANT (FEBR): NORSHIELD SECURITY PRODUCTS, LLC","456b4e2e-0e5a-af5c-7e5e-442197736eb7-C","SAM/USASpending CA-scope harvest"
"1","VECTRUS FEDERAL SERVICES GMBH","1","177636","","@{code=561210; description=FACILITIES SUPPORT SERVICES}","Department of Defense","W564KV25FA123","THIS PROJECT RENOVATES BALL STOP WALL #3 AT BUILDING 3911, INCLUDING DISMANTLING, CONCRETE REPAIR, BALLISTIC STEEL INSTALLATION, AND NEW WOODEN CLADDING","fc75984d-5ba9-5f77-6c8a-0a787e350d5f-C","SAM/USASpending CA-scope harvest"
"1","SUPPLYCORE LLC","4","101916","IL","@{code=423610; description=ELECTRICAL APPARATUS AND EQUIPMENT, WIRING SUPPLIES, AND RELATED EQUIPMENT MERCHANT  WHOLESALERS}","Department of Defense","SPE8E326FJ2X4","4572078487!BULLET RESISTANT GLAZING MATERIAL, LEVEL","038feb1d-f65f-cb60-0833-9e70db12d7b7-C","SAM/USASpending CA-scope harvest"
"1","IDI CONSTRUCTION LLC","2","97820","IL","@{code=236220; description=COMMERCIAL AND INSTITUTIONAL BUILDING CONSTRUCTION}","Department of Defense","N4008525F5076","THE CONTRACTOR SHALL PERFORM ALL WORK REQUIRED TO REPLACE TWO COSMETICALLY DEFECTIVE BULLET RESISTANT WINDOWS AT BUILDING 6450, ALSO REFERRED TO AS GATE 5, ONBOARD NAVAL STATION GREAT LAKES.","8bf6b388-0a35-a0d1-e5af-c0438379d8a4-C","SAM/USASpending CA-scope harvest"
"1","JJ CONTRACTING CORP","1","67109","NY","@{code=236220; description=COMMERCIAL AND INSTITUTIONAL BUILDING CONSTRUCTION}","Department of Defense","W911S226FA072","MDC-26000-6J, REPLACE BULLET RESISTANT GLASS, 11464","8990a49e-26dc-3908-8f3f-ea719b65fd9c-C","SAM/USASpending CA-scope harvest"
"1","ARCHITECTURAL SPECIALTIES, LLC","1","56131","SD","@{code=238210; description=ELECTRICAL CONTRACTORS AND OTHER WIRING INSTALLATION CONTRACTORS}","Department of Homeland Security","70US0926P70092847","INSTALLATION AND REMOVAL OF BALLISTIC GLASS","17c7831f-c4a0-eb76-4bc2-b1a731cd9626-C","SAM/USASpending CA-scope harvest"
"1","CABLE GLASS, L.L.C","1","50000","IA","@{code=238150; description=GLASS AND GLAZING CONTRACTORS}","Department of Homeland Security","70US0925P70092502","BALLISTIC GLASS INSTALLATION AND REMOVAL","c68c8557-141f-1114-b4ae-77a4d3a7efc4-C","SAM/USASpending CA-scope harvest"
"1","AMCO METAL PRODUCTS INC","2","35700","DC","@{code=238150; description=GLASS AND GLAZING CONTRACTORS}","Department of Homeland Security","70US0926P70092722","INSTALLATION AND REMOVAL OF BALLISTIC GLASS","95179a43-c370-6f21-e59c-0f9440e418c1-C","SAM/USASpending CA-scope harvest"
"1","OSPREY MANAGEMENT LLC","1","20106","KY","@{code=236220; description=COMMERCIAL AND INSTITUTIONAL BUILDING CONSTRUCTION}","Department of Defense","W9124825FA079","JOC REPLACE BALLISTIC DOORS IN BLDG. 6220","6c843022-3423-a327-ef51-76e2af108f8a-C","SAM/USASpending CA-scope harvest"
"1","MILITARY VETERANS INSTALLATION, LLC","1","17675","NJ","@{code=238210; description=ELECTRICAL CONTRACTORS AND OTHER WIRING INSTALLATION CONTRACTORS}","Department of Homeland Security","70US0926P70092913","INSTALLATION AND REMOVAL OF BALLISTIC GLASS","5de68cd3-1724-968f-6cde-5432c5a61377-C","SAM/USASpending CA-scope harvest"
"1","AVENTUS NV, INC.","1","13499","NY","@{code=238150; description=GLASS AND GLAZING CONTRACTORS}","Department of Defense","W50S8N25PA022","BUILDING 704 REPLACE BALLISTIC GLAZING","45acc947-4dd4-cf7b-84f3-105fb0157a11-C","SAM/USASpending CA-scope harvest"
"1","TOTAL SECURITY SOLUTIONS INC","1","11580","CA","@{code=327215; description=GLASS PRODUCT MANUFACTURING MADE OF PURCHASED GLASS}","Department of Defense","W912GY26PA003","BALLISTIC WINDOW ASSEMBLY","bfbb36c6-7ebd-c01f-a7b7-6f75012a8e1a-C","SAM/USASpending CA-scope harvest"
"1","FRANKLEN GLASS CORP","1","4800","NJ","@{code=238150; description=GLASS AND GLAZING CONTRACTORS}","Department of Homeland Security","70US0920P70090125","THE PURPOSE OF THIS ORDER IS TO PROCURE CONTRACTOR SUPPORT FOR INSTALLATION AND REMOVAL OF BALLISTIC GLASS.","2ee10eb2-1359-4149-49a6-9e829537d9f3-C","SAM/USASpending CA-scope harvest"
"1","KLAVON ENTERPRISES INC","1","0","FL","@{code=238150; description=GLASS AND GLAZING CONTRACTORS}","Department of Homeland Security","70US0920P70090265","MOVING, HANDLING, INSTALLING AND REMOVING BALLISTIC GLASS SYSTEMS WHEN ORDERED BETWEEN SEPTEMBER 1, 2020 AND MAY 31, 2021.","43cd0db5-7d44-814d-70f4-b1897ef03b5c-C","SAM/USASpending CA-scope harvest"
"1","TOTAL SOLUTION LLC","1","0","KY","@{code=238290; description=OTHER BUILDING EQUIPMENT CONTRACTORS}","Department of Defense","W912QR25PA044","REPLACE THE EXISTING DOUBLE DOORS FOR THE OPERATING TOWER AT TAYLORSVILLE LAKE WITH NEW STEEL DOORS INCLUDING ALL ASSOCIATED HARDWARE. BOTH DOORS SHALL BE EQUIPPED WITH FORCED ENTRY LOCKS","6423f100-c3de-c287-1d87-62d7c86b2489-C","SAM/USASpending CA-scope harvest"
"2","NOBLE SUPPLY & LOGISTICS, LLC","3","52742689","MA","@{code=423850; description=SERVICE ESTABLISHMENT EQUIPMENT AND SUPPLIES MERCHANT WHOLESALERS}","Department of Defense","SPE8EM25FW06C","4569340904!EXPEDITIONARY MODULAR BALLISTIC SIDEWALL","f1addd3f-8f09-bd87-cec8-f143401629ba-C","SAM/USASpending CA-scope harvest"
"2","LEADING TECHNOLOGY COMPOSITES INC","12","34822903","KS;GA;DC","@{code=315990; description=APPAREL ACCESSORIES AND OTHER APPAREL MANUFACTURING}","Department of Homeland Security","W91CRB26FA161","FULL RATE PRODUCTION (FRP) VITAL TORSO PROTECTION (VTP) ENHANCED SIDE BALLISTIC INSERTS (ESBI) PLATE VARIANT","c7daa823-ca6b-1388-8611-ba10e51c8dec-C","SAM/USASpending CA-scope harvest"
"2","ENGENSE, INC.","3","27727556","CA","@{code=333999; description=ALL OTHER MISCELLANEOUS GENERAL PURPOSE MACHINERY MANUFACTURING}","Department of Defense","W91CRB26FA160","FULL RATE PRODUCTION (FRP) VITAL TORSO PROTECTION (VTP) ENHANCED SIDE BALLISTIC INSERTS (ESBI) PLATE VARIANT","60c4b7fc-2b8d-867c-29f6-701502e34e52-C","SAM/USASpending CA-scope harvest"
"2","FLORIDA ARMOR LLC","3","19813195","FL","@{code=333999; description=ALL OTHER MISCELLANEOUS GENERAL PURPOSE MACHINERY MANUFACTURING}","Department of Defense","W91CRB26FA163","FULL RATE PRODUCTION (FRP) VITAL TORSO PROTECTION (VTP) ENHANCED SIDE BALLISTIC INSERTS (ESBI) PLATE VARIANT","51192fd4-6e6a-6caf-47c7-780e5824d26d-C","SAM/USASpending CA-scope harvest"
"2","BOOZ ALLEN HAMILTON INC","1","12216334","MA","@{code=541715; description=RESEARCH AND DEVELOPMENT IN THE PHYSICAL, ENGINEERING, AND LIFE SCIENCES (EXCEPT NANOTECHNOLOGY AND BIOTECHNOLOGY)}","Department of Defense","FA807522F0060","VULNERABILITY AND BALLISTICS RESEARCH, DEVELOPMENT, AND ENGINEERING FOR SOLDIER PROTECTION DIRECTORATE","ffca72e5-fba2-798a-6969-2a6c45e9f985-C","SAM/USASpending CA-scope harvest"
"2","THE SURVICE ENGINEERING COMPANY LLC","1","9684775","MD","@{code=541712; description=RESEARCH AND DEVELOPMENT IN THE PHYSICAL, ENGINEERING, AND LIFE SCIENCES (EXCEPT BIOTECHNOLOGY)}","Department of Defense","W911QX21F0162","DATA, EXPERIMENTATION AND ANALYSIS ACROSS BALLISTIC, CHEMICAL AND BIOLOGICAL DEFENSE, ELECTRONIC AND CYBER WARFARE.","8e21c3cd-7701-16b1-5553-abcd49852fa8-C","SAM/USASpending CA-scope harvest"
"2","GENERAL DYNAMICS ORDNANCE AND TACTICAL SYSTEMS, INC.","1","6555722","FL","@{code=332993; description=AMMUNITION (EXCEPT SMALL ARMS) MANUFACTURING}","Department of Defense","W15QKN21F0312","BALLISTIC AND DIMENSIONAL FAAT (CLINS 0001 AND 0002) AS WELL AS 2,600 ROUNDS UNDER CLIN 0005","fefa9485-36e4-9820-72ad-356e6028032e-C","SAM/USASpending CA-scope harvest"
"2","ATLANTIC DIVING SUPPLY, INC.","4","4703541","GA;VA;CA","@{code=332999; description=ALL OTHER MISCELLANEOUS FABRICATED METAL PRODUCT MANUFACTURING}","Department of Homeland Security","N6328525FS060","BALLISTIC PLATES","9c708c7c-f339-5fc8-0455-a5aaea1d2da5-C","SAM/USASpending CA-scope harvest"
"2","WRIGGLESWORTH ENTERPRISES INC","1","2900400","NC","@{code=332510; description=HARDWARE MANUFACTURING}","Department of Defense","W5J9JE24F0013","RELOCATABLE BALLISTIC GUARD TOWERS","535929f1-bead-a6e3-c737-c66b7c29374b-C","SAM/USASpending CA-scope harvest"
"2","GENTEX CORPORATION","1","1691694","PA","@{code=334413; description=SEMICONDUCTOR AND RELATED DEVICE MANUFACTURING}","Department of Defense","FA860625FB003","AIRCREW LASER EYE PROTECTION, DAY/NIGHT BALLISTIC SPECTACLES DELIVERY ORDER","db61123a-ef15-7a7b-46a5-9961953b38af-C","SAM/USASpending CA-scope harvest"
"2","LATENTAI INC.","1","1249987","NJ","@{code=541715; description=RESEARCH AND DEVELOPMENT IN THE PHYSICAL, ENGINEERING, AND LIFE SCIENCES (EXCEPT NANOTECHNOLOGY AND BIOTECHNOLOGY)}","Department of Defense","FA864925P0010","ARTIFICIAL INTELLIGENCE (AI) ENHANCED BATTLE DAMAGE ASSESSMENT AND BALLISTIC PREDICTION FOR MEDIUM RANGE UNMANNED AERIAL SYSTEM (UAS)","a313009e-5afb-2b33-0786-c6b5875ba738-C","SAM/USASpending CA-scope harvest"
"2","ROCKWELL COLLINS, INC.","1","1200954","CA","@{code=325920; description=EXPLOSIVES MANUFACTURING}","Department of Defense","FA821322C0035","ACFT EJECTION SYS (LIFE SUPPORT) BALLISTIC DEVICE. PREDOMINANT MATL HNS CORE WITH BLACK POLYETHELENE JACKET CASED IN ALUMINUM SHEATH, WITH EXPLOSIVE CHARGE OF .0067 LBS. LENGTH APPROX 50 IN, DIAMETER APPROX 3/8 IN AND IS BALLISTIC INITIATED.","fbaf2f7a-d2a8-a4b8-2388-3abc483658a7-C","SAM/USASpending CA-scope harvest"
"2","PROTECTION ENGINEERING CONSULTANTS LLC","1","1149895","TX","@{code=541715; description=RESEARCH AND DEVELOPMENT IN THE PHYSICAL, ENGINEERING, AND LIFE SCIENCES (EXCEPT NANOTECHNOLOGY AND BIOTECHNOLOGY)}","Department of Defense","W911NF23C0016","STTR PHASE II BASE AWARD: AUTOMATED MULTI-CELL LASER-DRIVEN BALLISTIC TEST DEVICE","7398a1aa-3bd5-ee44-fe57-0a74b13d95c5-C","SAM/USASpending CA-scope harvest"
"2","BAYKAL TEKNO MEDIKAL ELEKTRONIK ILETISIM INSAAT LIMITED SIRKETI","1","827346","","@{code=922120; description=POLICE PROTECTION}","Department of Defense","FA568524P0040","39 SFS MOBILE BALLISTIC SHIELDS","b88795de-091a-62db-667f-a7bce460975d-C","SAM/USASpending CA-scope harvest"
"2","MACOMB SHEET METAL INC","1","665535","MI","@{code=336992; description=MILITARY ARMORED VEHICLE, TANK, AND TANK COMPONENT MANUFACTURING}","Department of Defense","W56HZV23F0476","DELIVERY ORDER FOR A QTY OF 27 EA FOR THE STOWAGE BOX ICV KIT AND BALLISTIC TESTING","62a16ef5-d489-96b0-0f82-9ae484e5f663-C","SAM/USASpending CA-scope harvest"
"2","VALI COOPER INTERNATIONAL LLC","1","607087","LA","@{code=541330; description=ENGINEERING SERVICES}","Department of Energy","89243523FCR400011","ARCHITECT-ENGINEER SERVICES FOR THE SPRPMO - TASK ORDER FOR TITLE I AND II SERVICES FORBM-MM-2247 AND WH-MM-2248 - EXTEND BALLISTIC PROTECTION AT WH RWIS AND ADD A NEW BALLISTIC PROTECTION AT BM RWIS","b51d894d-d6df-9aa5-c965-a5dc7d6654a3-C","SAM/USASpending CA-scope harvest"
"2","JACOBS/EWINGCOLE, A JOINT VENTURE","1","539636","NJ","@{code=541330; description=ENGINEERING SERVICES}","Department of Defense","W912DS23F0019","AE SERVICES - DESIGN FOR COMPLETION OF SITE EVAL., VERIFICATION AND REPACKAGING OF EXISTING 100% PLANS AND SPECS, COST ESTIMATING, AND CONST. PHASE SUPPORT SERVICES FOR REPAIR AND REPLACE EXISTING BALLISTIC EVAL. CENTER, BLGS AT PICATINNY ARSENAL NJ.","6d60c3fa-b83c-0be7-aa39-e69de0d0b5a6-C","SAM/USASpending CA-scope harvest"
"2","CENTRAL LAKE ARMOR EXPRESS INC","3","430391","NC;VA;DC","@{code=315990; description=APPAREL ACCESSORIES AND OTHER APPAREL MANUFACTURING}","Department of Defense","W91CRB24F0299","MSV FAIR OPPORTUNITY # 0005 AWARD C DELIVERY ORDER FOR $399,968.86 WORTH OF MSV GEN II BALLISTIC ASSEMBLIES.","d16a5e48-af62-0b38-5caf-634715e12828-C","SAM/USASpending CA-scope harvest"
"2","ASPETTO INC","3","408630","VA;FL","@{code=315990; description=APPAREL ACCESSORIES AND OTHER APPAREL MANUFACTURING}","Department of Homeland Security","70Z08425FDL930010","PROCURE BALLISTIC PANELS AND BALLISTIC ACCESSORY SETS. SECTION 2(D) APPLIES TO THIS ACTION.","d3d8101a-d135-184b-5daa-2d885f5f1b1c-C","SAM/USASpending CA-scope harvest"
"2","NTS TECHNICAL SYSTEMS LLC","4","406417","MD;MA","@{code=541380; description=TESTING LABORATORIES AND SERVICES}","Department of Defense","W911QY26FA084","BALLISTIC AND NON-BALLISTIC TESTING OF PERSONAL PROTECTIVE EQUIPMENT","e9c7e8a0-9d6b-e499-563c-1da3873f07a1-C","SAM/USASpending CA-scope harvest"
"2","TACTICAL & SURVIVAL SPECIALTIES, LLC","3","283263","VA;MA","@{code=315990; description=APPAREL ACCESSORIES AND OTHER APPAREL MANUFACTURING}","Department of Homeland Security","W911N225F0424","BALLISTIC PANELS FOR USE BY THE DIRECTORATE OF EMERGENCY SERVICES AT LETTERKENNY ARMY DEPOT.","30f182c6-1a70-53e9-37c1-d22913158250-C","SAM/USASpending CA-scope harvest"
"2","CUSTOM COLLAGEN INC","1","241250","MD","@{code=332994; description=SMALL ARMS, ORDNANCE, AND ORDNANCE ACCESSORIES MANUFACTURING}","Department of Defense","W911QX26FA052","VYSE PROFESSIONAL GRADE BALLISTIC GELATIN","0094b9c8-ea5b-a4b9-8f5f-15452eac2c2c-C","SAM/USASpending CA-scope harvest"
"2","ARMOURER'S CHOICE INC","1","240108","DC","@{code=424350; description=CLOTHING AND CLOTHING ACCESSORIES MERCHANT WHOLESALERS}","Department of Homeland Security","70B04C25P00000423","BALLISTIC SHIELDS","2e3d8d4a-1fa1-f34a-0e29-79952cf4c621-C","SAM/USASpending CA-scope harvest"
"2","DARBONNIER TACTICAL SUPPLY LLC","4","227229","WA","@{code=331222; description=STEEL WIRE DRAWING}","Department of Defense","SPE8E626V1058","8512010413!SAWFLY BALLISTIC EY","93412fc1-14a4-d815-e6d6-7626c6f28d6e-C","SAM/USASpending CA-scope harvest"
"2","PRISAM LLC","1","186500","NY","@{code=541715; description=RESEARCH AND DEVELOPMENT IN THE PHYSICAL, ENGINEERING, AND LIFE SCIENCES (EXCEPT NANOTECHNOLOGY AND BIOTECHNOLOGY)}","Department of Defense","HQ086026CE035","BLAST: BALLISTIC LATTICE ARMOR FOR SAFE TRANSPORTATION OF SM-3","62e6e39a-cda8-f8a1-443b-d693c47f3d90-C","SAM/USASpending CA-scope harvest"
"2","NANOSONIC INC.","1","180000","VA","@{code=541715; description=RESEARCH AND DEVELOPMENT IN THE PHYSICAL, ENGINEERING, AND LIFE SCIENCES (EXCEPT NANOTECHNOLOGY AND BIOTECHNOLOGY)}","Department of Defense","HQ086026CE009","LIGHTWEIGHT, PORTABLE, AND MODULAR BALLISTIC TRANSPORTATION PROTECTION SYSTEM FOR SM-3","d94908a9-4d12-51c1-cbfe-476e9e7e41fd-C","SAM/USASpending CA-scope harvest"
"2","SIOUX MANUFACTURING CORPORATION","1","174636","IL","@{code=336992; description=MILITARY ARMORED VEHICLE, TANK, AND TANK COMPONENT MANUFACTURING}","Department of Defense","W519TC25P2298","BALLISTIC SHIELD","649da764-b4fb-00ef-9c1e-1c8111c3020b-C","SAM/USASpending CA-scope harvest"
"2","ASSOCIATED FASTENING PRODUCTS, INC.","2","171922","IL","@{code=332722; description=BOLT, NUT, SCREW, RIVET, AND WASHER MANUFACTURING}","Department of Defense","W51AA125F0130","BALLISTIC HARDWARE","03ce4fb3-eea5-a13a-944b-b8d99904573b-C","SAM/USASpending CA-scope harvest"
"2","DEFENSHIELD, INC.","2","171699","PA","@{code=332999; description=ALL OTHER MISCELLANEOUS FABRICATED METAL PRODUCT MANUFACTURING}","Department of Defense","FA930125P0061","FULLY ASSEMBLED MOBILE BALLISTIC SHIELDS W/ ACCESSORIES","6f4ec589-b5d5-1f56-1df8-b1e53a54c334-C","SAM/USASpending CA-scope harvest"
"2","TERRESTRIS, LLC","1","149996","CA","@{code=339115; description=OPHTHALMIC GOODS MANUFACTURING}","Department of Defense","M0068125P0018","BALLISTIC LASER EYE PROTECTION","15d374c5-5c4e-75b7-1bf6-ac65f493dccf-C","SAM/USASpending CA-scope harvest"
"2","JUNIPER ELBOW CO. INC.","3","149028","NY","@{code=332321; description=METAL WINDOW AND DOOR MANUFACTURING}","Department of Defense","SPMYM226P5684","SCUTTLE, 21 INCH, BALLISTIC STEEL, RSDWTRTTQA, 3 DOG BIW CAT NO: 22184-164SSP: TPPC DDG101-NWRMC27-CN01 W/I: 168-11-002PARA: 5.1.1 SEE SALIENT CHARACTERISTICS","1b13b8c1-3501-ff99-ca95-32bb13018639-C","SAM/USASpending CA-scope harvest"
"2","SLATE SOLUTIONS LLC","1","136896","FL","@{code=315990; description=APPAREL ACCESSORIES AND OTHER APPAREL MANUFACTURING}","Department of Defense","SPE1C125F5397","8511569366!BALLISTIC ASSEMBLY,","b628e093-e341-05d1-7459-b31dc6f04c59-C","SAM/USASpending CA-scope harvest"
"2","FORCIBLE ENTRY, INC","1","133995","CA","@{code=332999; description=ALL OTHER MISCELLANEOUS FABRICATED METAL PRODUCT MANUFACTURING}","Department of Homeland Security","70B03C25P00000628","FORCED ENTRY TRAINING DEVICE","b1fc8590-8d93-1208-b4a7-3b3fe4f7f84e-C","SAM/USASpending CA-scope harvest"
"2","PHYSICS APPLICATIONS INC","1","98100","IL","@{code=334516; description=ANALYTICAL LABORATORY INSTRUMENT MANUFACTURING}","Department of Defense","W519TC25P2384","SMALL CALIBER BALLISTIC RESEARCH SYSTEM","8cf3689f-1475-b163-910b-1c744707e919-C","SAM/USASpending CA-scope harvest"
"2","EXECUTIVE WOOD PRODUCTS, INC","2","94815","MO;WA","@{code=337127; description=INSTITUTIONAL FURNITURE MANUFACTURING}","Department of Homeland Security","W912KC25FA029","BALLISTIC PANELS ARE 48 WIDE X 75 INCHES HIGH WITH TACKABLE FABRIC","ece8f953-1495-b9af-c54d-40daf034ece8-C","SAM/USASpending CA-scope harvest"
"2","PATRIOT PRODUCTS, LLC","4","90128","AR;VA;IN","@{code=332999; description=ALL OTHER MISCELLANEOUS FABRICATED METAL PRODUCT MANUFACTURING}","Department of Defense","H9224026FE274","BALLISTIC STEEL SHOOTING TARGET(S)","bdebb1f0-5272-54a2-6656-145c62675d1e-C","SAM/USASpending CA-scope harvest"
"2","MSC INDUSTRIAL DIRECT CO., INC.","23","79218","NY","@{code=444130; description=HARDWARE STORES}","General Services Administration","47QSSC26FBG1Q","12-1/2X7 BLK BALLISTIC NYLON ZIP BAG","7744b5c5-f209-3968-22b6-87f1698287fd-C","SAM/USASpending CA-scope harvest"
"2","LIONHEART ALLIANCE, LLC","1","75001","VA","@{code=315990; description=APPAREL ACCESSORIES AND OTHER APPAREL MANUFACTURING}","Department of Homeland Security","70CMSW25P00000076","THIS REQUIREMENT IS TO PURCHASE BALLISTIC PANELS TO SUPPORT LAW ENFORCEMENT OPERATIONS.","ca7d3f04-48a4-754a-9f75-849187a276ac-C","SAM/USASpending CA-scope harvest"
"2","W S DARLEY & CO","1","63194","IL","@{code=339999; description=ALL OTHER MISCELLANEOUS MANUFACTURING}","Department of Defense","SPE8EL25FJ34D","4568831961!BALLISTIC RUBBER PANEL'S","b60fab9a-d60a-1c33-1470-2729b041737f-C","SAM/USASpending CA-scope harvest"
"2","CARTER ENTERPRISES LLC","1","62406","NY","@{code=331110; description=IRON AND STEEL MILLS AND FERROALLOY MANUFACTURING}","Department of Defense","SPE1C125F4187","8511407321!BALLISTIC ASSEMBLY,","85ff1374-9c76-fd8e-ca02-a75ed734f854-C","SAM/USASpending CA-scope harvest"
"2","ROI FIRE & BALLISTICS EQUIPMENT, INC","1","61572","CO","@{code=423850; description=SERVICE ESTABLISHMENT EQUIPMENT AND SUPPLIES MERCHANT WHOLESALERS}","Environmental Protection Agency","68HERH25P0094","OSHA COMPLIANT BREATHING AIR COMPRESSOR AND DOUBLE POSITION FILL STATION. (USMCA)","ff35c349-0257-5362-be13-60e497dd3bbb-C","SAM/USASpending CA-scope harvest"
"2","JAY HENGES ENTERPRISES INC.","1","58034","","@{code=332311; description=PREFABRICATED METAL BUILDING AND COMPONENT MANUFACTURING}","Department of Defense","W91WRZ25PA004","JTF-GTMO, 525TH MP, PURCHASE ORDER FOR ONE (1) LEVEL IV DURASTEEL 6 X 4 BULLET RESISTANT BLDG AND ONE (1) DURALUMINUM 8 X 6-4 BLDG (GUARD SHACKS).","2def2cdf-4d8c-e5ac-7e4e-d8f306882fff-C","SAM/USASpending CA-scope harvest"
"2","POINT BLANK ENTERPRISES, INC","1","52800","DC","@{code=315990; description=APPAREL ACCESSORIES AND OTHER APPAREL MANUFACTURING}","Department of Homeland Security","70US0926P70092967","THE PURPOSE OF THIS ORDER IS TO PROCURE BALLISTIC SHIELDS.","bb1d39b8-bc8e-f58b-2368-856b3a229506-C","SAM/USASpending CA-scope harvest"
"2","CHEMRING ENERGETIC DEVICES INC","1","45212","IL","@{code=541330; description=ENGINEERING SERVICES}","Department of Defense","N0017425P1032","NSWC IHD REQUIRES TEST SUPPORT IN ORDER TO EVALUATE THE PERFORMANCE AND RELIABILITY LEVEL OF THE MU96 ITEMS. THIS REQUIRES PERFORMING NON-DESTRUCTIVE TESTS AND BALLISTIC/FUNCTIONAL TESTS, PROVIDING DATA SHEETS AND TESTING SUMMARIES TO THE GOVERNMENT.","04445689-94c1-a7d7-f34b-5f20f106e013-C","SAM/USASpending CA-scope harvest"
"2","STEVALI CONSULTING, INC.","2","40118","GA","@{code=339113; description=SURGICAL APPLIANCE AND SUPPLIES MANUFACTURING}","Department of Defense","SPE8E625P0857","8511466052!SHIELD,BALLISTIC,LI","a9ebcf64-9479-4206-8e7c-a42a76e0963f-C","SAM/USASpending CA-scope harvest"
"2","GALVION BALLISTICS LTD","11","37528","NJ;VT;FL;MA;MD;WA","@{code=339920; description=SPORTING AND ATHLETIC GOODS MANUFACTURING}","Department of Homeland Security","70Z0G821F5AN46900","PURCHASE ORDER FOR THE CGC ANGELA MCSHAN FOR BOAT CREW HELEMETS AND RAILS.","dd79a753-27aa-83b0-9ee4-9f9be1fb3460-C","SAM/USASpending CA-scope harvest"
"2","P.T. ARMOR, INC.","1","36436","DC","@{code=315250; description=CUT AND SEW APPAREL MANUFACTURING (EXCEPT CONTRACTORS)}","District of Columbia Courts","95C67825P0354","DSCS-25-SAS-110 PURCHASE OF BALLISTIC CARRIER. NTE: $270,000.00 BASE YEAR POP SEPTEMBER 15, 2025 - SEPTEMBER 30, 2026","94d913bd-6a00-7351-5854-af4568578c4c-C","SAM/USASpending CA-scope harvest"
"2","CREATIVE LOGISTICS LTD","684","36433","PA","@{code=332216; description=SAW BLADE AND HANDTOOL MANUFACTURING}","General Services Administration","47QSSC26P2PSK","BAG, TOOL: OVERALL LENGTH: 12 INCHES OVERALL WIDTH: 6 INCHES OVERALL DEPTH: 6 INCHES DIMENSION TOLERANCE: + 1/2 INCH MATERIAL: BALLISTIC NYLON COLOR: BLACK ENCLOSURE: ZIPPER, CENTER ACROSS TOP LENGTHWISE HANDLES: 2 STRAP CARRY, WRAP ENTIRE SIDE FEATU","c0c6c1ea-7f56-9fa0-3f9a-5ea6140ee074-C","SAM/USASpending CA-scope harvest"
"2","INDUSTRIAL STRENGTH INDUSTRIES LLC","1","36396","MD","@{code=238290; description=OTHER BUILDING EQUIPMENT CONTRACTORS}","Department of Health and Human Services","75F40125F80140","HARD BALLISTIC PLATES 10""X12"" HARD BALLISTIC PLATES 8""X10""","77152edd-cac3-3a5e-2fd8-3bb4ce6c0a91-C","SAM/USASpending CA-scope harvest"
"2","HONEYWELL INTERNATIONAL, INC","1","32391","VA","@{code=325220; description=ARTIFICIAL AND SYNTHETIC FIBERS AND FILAMENTS MANUFACTURING}","Department of Defense","W911QX25PA051","THE GOVERNMENT REQUIRES A QUANTITY OF THREE (3) 300 LINEAR YARD (LY) ROLLS OF HONEYWELL SPECTRA SHIELD WHICH MEETS THE GOVERNMENTS CRITERIA FOR BALLISTIC PERFORMANCE FOR SPECIFIC THREATS APPLICABLE TO PERSONNEL PROTECTION SYSTEMS.","2ec8c5d7-6da5-3355-18c2-7064f5c4ca48-C","SAM/USASpending CA-scope harvest"
"2","OREGON BALLISTIC LABORATORIES, LLC","2","30550","MD;OR","@{code=541380; description=TESTING LABORATORIES AND SERVICES}","Department of Defense","W91CRB25FA119","THIS TASK ORDER EXECUTES AWARD OF THE MINIMUM GUARANTEE OF $1,000.00 AND FACILITATES THE KICK-OFF MEETING BETWEEN OREGON BALLISTICS LABOTORIES LLC, ABERDEEN TEST CENTER AND ARMY CONTRACTING COMMAND.","ca3c2958-c179-1b60-ee35-f2b201611c2f-C","SAM/USASpending CA-scope harvest"
"2","VALOR 3 SERVICES, LLC","1","29557","MD","@{code=561110; description=OFFICE ADMINISTRATIVE SERVICES}","Department of Defense","W91ZLK26PA006","CLERICAL SUPPORT TO THE PUBLICATIONS TEAM OF THE FIRING TABLES AND BALLISTICS DIVISION AT ABERDEEN PROVING GROUND, MD AS DESCRIBED IN THE PERFORMANCE WORK STATEMENT.","345fca81-d2d6-399b-6ce2-628f892ed7ca-C","SAM/USASpending CA-scope harvest"
"2","METALCRAFT MARINE US, INC.","1","27186","NY","@{code=336612; description=BOAT BUILDING}","Department of Homeland Security","70Z02325F93250004","DELIVERY ORDER FOR NON-WARRANTY DESIGN AND INSTALLATION OF SAFETY NET AND ONE SET BALLISTIC PANELS.","683e5fb1-e1d9-67d9-ef05-414ce7aef12b-C","SAM/USASpending CA-scope harvest"
"2","WRIGHT TOOL COMPANY, LLC","100","25544","MI","@{code=423710; description=HARDWARE MERCHANT WHOLESALERS}","General Services Administration","47QSSC26FBVY1","TOOL KIT, MINE PROBE: COMPONENT QUANTITY: 9 FEATURES: BLACK BALLISTIC NYLON SHEATH 3-PIECE PROBE COMBINED OVERALL LENGTH: 25 INCHES MATERIAL: TITANIUM TIPS: THE KIT SHALL CONSIST OF THREE (3) OF THE FOLLOWING COMPONENTS: MATERIAL: TITANIUM TIPS: THE","1dbd04ba-5479-d9df-4b21-5441a6d709e0-C","SAM/USASpending CA-scope harvest"
"2","STREICHERS INC","1","18187","MN","@{code=332999; description=ALL OTHER MISCELLANEOUS FABRICATED METAL PRODUCT MANUFACTURING}","General Services Administration","47QSWA26F021F","PROTECH PN: 1152944 ITEM: INTRUDER SERIES BALLISTIC RESISTANT SHIELDS","2a5a64ac-4939-6f75-9b3d-dcc46552cbf8-C","SAM/USASpending CA-scope harvest"
"2","KONTEK INDUSTRIES, INC","1","17971","NE","@{code=332999; description=ALL OTHER MISCELLANEOUS FABRICATED METAL PRODUCT MANUFACTURING}","Department of Defense","FA460025P0079","FY25-F7879-F3H3F1-FM9-55SFS-INSTALLATION ENTRY CONTROL BALLISTIC SHIELDS","15d64fad-32f3-5643-89c9-6a6c62a9a424-C","SAM/USASpending CA-scope harvest"
"2","MES SERVICE COMPANY, LLC","1","14241","DC","@{code=315250; description=CUT AND SEW APPAREL MANUFACTURING (EXCEPT CONTRACTORS)}","District of Columbia Courts","95C67825P0296","DCSC-22-RFQ-106 BALLISTICS ARMOR AND CARRIER PERIOD OF PERFORMANCE: JULY 21, 2024 THROUGH JULY 22, 2025 $30K CTV NTE $110,350.00 EXTENSION OF TIME: JULY 22, 2025 THROUGH SEPTEMBER 30, 2025 AT NO ADDITIONAL COST.","f1677264-39cb-7a1c-9598-fd8b572dfb91-C","SAM/USASpending CA-scope harvest"
"2","NTS TECHNICAL SYSTEMS, LLC.","1","10950","MD","@{code=541380; description=TESTING LABORATORIES AND SERVICES}","Department of Defense","W911QY26FA124","BALLISTIC AND NON-BALLISTIC TESTING","f44c2970-9ddb-db87-af46-b01366b3e2ef-C","SAM/USASpending CA-scope harvest"
"2","HARDWIRE LLC","1","10282","VA","@{code=332999; description=ALL OTHER MISCELLANEOUS FABRICATED METAL PRODUCT MANUFACTURING}","Department of Defense","N6328525FS028","CALL 03 - REACT BALLISTIC PLATES BPA N63285-24-A-A007","e9372571-0cfa-4966-915f-05da1a1db82b-C","SAM/USASpending CA-scope harvest"
"2","TYR TACTICAL LLC","1","9594","DC","@{code=315990; description=APPAREL ACCESSORIES AND OTHER APPAREL MANUFACTURING}","Department of Homeland Security","70CMSD24P00000138","BUCKET TRUCK BALLISTIC PANELS","1217baf7-7281-3efb-5131-9ea2d1ca77de-C","SAM/USASpending CA-scope harvest"
"2","PREMIER & COMPANIES, INC.","1","7345","NY","@{code=332216; description=SAW BLADE AND HANDTOOL MANUFACTURING}","General Services Administration","47QSWA26P0ZPA","010-03407-10 TACTIX 8 -- 51 MM, SOLAR, SAPPHIRE WITH APPLIED BALLISTICS ELITE","e564f149-fce2-acb8-ab58-f74eece03add-C","SAM/USASpending CA-scope harvest"
"2","GIGA, INC.","6","7238","GA","@{code=423840; description=INDUSTRIAL SUPPLIES MERCHANT WHOLESALERS}","General Services Administration","47QSSC26FC9VD","TOOL KIT, MINE PROBE: COMPONENT QUANTITY: 9 FEATURES: BLACK BALLISTIC NYLON SHEATH 3-PIECE PROBE COMBINED OVERALL LENGTH: 25 INCHES MATERIAL: TITANIUM TIPS: THE KIT SHALL CONSIST OF THREE (3) OF THE FOLLOWING COMPONENTS: MATERIAL: TITANIUM TIPS: THE","56259ca9-a95a-3379-3420-594e241e9f18-C","SAM/USASpending CA-scope harvest"
"2","KAUFMAN COMPANY, INC.","136","6111","MA","@{code=332216; description=SAW BLADE AND HANDTOOL MANUFACTURING}","General Services Administration","47QSSC26P2QSN","BAG, TOOL: OVERALL LENGTH: 12 INCHES OVERALL WIDTH: 6 INCHES OVERALL DEPTH: 6 INCHES DIMENSION TOLERANCE: + 1/2 INCH MATERIAL: BALLISTIC NYLON COLOR: BLACK ENCLOSURE: ZIPPER, CENTER ACROSS TOP LENGTHWISE HANDLES: 2 STRAP CARRY, WRAP ENTIRE SIDE FEATU","67a785eb-be43-0734-2f0a-0ea712731387-C","SAM/USASpending CA-scope harvest"
"2","BEST MEDICAL WEAR LTD","2","5769","NY","@{code=423450; description=MEDICAL, DENTAL, AND HOSPITAL EQUIPMENT AND SUPPLIES MERCHANT WHOLESALERS}","Department of Defense","SPE2D626F2H1Q","4571570754!MERET OMNI PRO X BAG, BALLISTICS TS2-REA","2e306bca-f55b-0538-c6a9-940a953544e0-C","SAM/USASpending CA-scope harvest"
"2","STEELMASTERS OF COLUMBUS INC","1","5280","OH","@{code=332999; description=ALL OTHER MISCELLANEOUS FABRICATED METAL PRODUCT MANUFACTURING}","Department of Defense","SPE7L125V069E","8511503949!BALLISTIC COVER WEL","5c5f7b7f-87c8-24d9-ca79-a11a1ba0d6ad-C","SAM/USASpending CA-scope harvest"
"2","TERA CONSULTING INC.","1","4410","NY","@{code=339940; description=OFFICE SUPPLIES (EXCEPT PAPER) MANUFACTURING}","General Services Administration","47QSSC26P1GFJ","OO9146-09 SI BALLISTIC M-FRAME 3.0 BLACK W/CLEAR","41ffebf5-9a58-01fa-c704-c559c103644e-C","SAM/USASpending CA-scope harvest"
"2","PHOTIKON CORP","1","3672","NY","@{code=333313; description=OFFICE MACHINERY MANUFACTURING}","General Services Administration","47QSWA26F1E3G","11-140 SI BALLISTIC M-FRM 2.0 STK BLACK W/GRE SI BALLISTIC M-FRM 2.0","d139c113-aebb-e2be-4fd5-eed05f988161-C","SAM/USASpending CA-scope harvest"
"2","BOTACH INC.","1","3411","NV","@{code=332999; description=ALL OTHER MISCELLANEOUS FABRICATED METAL PRODUCT MANUFACTURING}","Department of Defense","W51ADK26M0001","SI BALLISTIC M FRAME 3.0","3bdebddc-dc40-df9d-9498-405ab67ebbb9-C","SAM/USASpending CA-scope harvest"
"2","FOSTER-MILLER, INC.","1","3267","MA","@{code=336413; description=OTHER AIRCRAFT PARTS AND AUXILIARY EQUIPMENT MANUFACTURING}","Department of Defense","N0038325PH002","PROCUREMENT OF LINER AND COVER, BALLISTIC","32cbfd41-461b-a1fb-a17d-168f7b016996-C","SAM/USASpending CA-scope harvest"
"2","AMERICAN PACKAGING I, INC.","63","2263","NY","@{code=339940; description=OFFICE SUPPLIES (EXCEPT PAPER) MANUFACTURING}","General Services Administration","47QSSC26P2CRL","BAG, TOOL: OVERALL LENGTH: 12 INCHES OVERALL WIDTH: 6 INCHES OVERALL DEPTH: 6 INCHES DIMENSION TOLERANCE: + 1/2 INCH MATERIAL: BALLISTIC NYLON COLOR: BLACK ENCLOSURE: ZIPPER, CENTER ACROSS TOP LENGTHWISE HANDLES: 2 STRAP CARRY, WRAP ENTIRE SIDE FEATU","8867926c-a452-450d-7183-3e52650d1e97-C","SAM/USASpending CA-scope harvest"
"2","COMBAT MEDICAL SYSTEMS LLC","1","1918","NC","@{code=423450; description=MEDICAL, DENTAL, AND HOSPITAL EQUIPMENT AND SUPPLIES MERCHANT WHOLESALERS}","Department of Defense","SPE2D425F530V","4569076574!TACTICAL & BALLISTIC KIT (LIGHT SKIN)","8973731f-36cb-67b7-45ca-24b5ccc4156e-C","SAM/USASpending CA-scope harvest"
"2","KIPPER TOOL COMPANY","2","1652","GA","@{code=332216; description=SAW BLADE AND HANDTOOL MANUFACTURING}","General Services Administration","47QSSC25P24HC","BACKPACK, TOOL: WIDTH: 13 INCHES HEIGHT: 17 1/2 INCHES DEPTH: 9 INCHES MATERIAL: BALLISTIC POLYESTER FABRIC FEATURES: 6 ZIPPERED COMPARTMENTS AND 75 POCKETS, SLEEVES AND LOOPS; 7 INCHES X 5 INCHES MULTI-COMPARTMENT PLASTIC PARTS TRAY; ADJUSTABLE PADD","6656e93e-6d6d-8923-8d67-2d99a3676915-C","SAM/USASpending CA-scope harvest"
"2","LYEV, LLC","10","927","MI","@{code=332216; description=SAW BLADE AND HANDTOOL MANUFACTURING}","General Services Administration","47QSSC26P2QHV","BAG, TOOL: OVERALL LENGTH: 12 INCHES OVERALL WIDTH: 6 INCHES OVERALL DEPTH: 6 INCHES DIMENSION TOLERANCE: + 1/2 INCH MATERIAL: BALLISTIC NYLON COLOR: BLACK ENCLOSURE: ZIPPER, CENTER ACROSS TOP LENGTHWISE HANDLES: 2 STRAP CARRY, WRAP ENTIRE SIDE FEATU","9543e761-c001-5a67-adcd-314eeecb8f28-C","SAM/USASpending CA-scope harvest"
"2","TECH SERVICE SOLUTIONS LLC","1","0","NJ","@{code=332311; description=PREFABRICATED METAL BUILDING AND COMPONENT MANUFACTURING}","Department of Defense","FA448425P0034","FY25 BALLISTIC PANELS","33d8b324-0ca5-2c7a-c457-c7a626a9cff2-C","SAM/USASpending CA-scope harvest"
"2","GENERAL DYNAMICS LAND SYSTEMS - CANADA CORPORATION","1","0","","@{code=336360; description=MOTOR VEHICLE SEATING AND INTERIOR TRIM MANUFACTURING}","Department of Defense","SPE7L126P0317","8511638896!GRILLE,BALLISTIC","39f7bba0-4eac-e344-b92e-df34fc9fe261-C","SAM/USASpending CA-scope harvest"
"2","CRESTVIEW AEROSPACE LLC","5","0","FL","@{code=336413; description=OTHER AIRCRAFT PARTS AND AUXILIARY EQUIPMENT MANUFACTURING}","Department of Defense","SPE4A224F0466","8510218609!FOAM,BALLISTIC,PRES","d3481034-06fd-e4cd-cfc1-5ecc340f2ea3-C","SAM/USASpending CA-scope harvest"
"2","757680 ONTARIO LTD.","1","0","","@{code=332999; description=ALL OTHER MISCELLANEOUS FABRICATED METAL PRODUCT MANUFACTURING}","Department of Defense","SPE7L024P1992","8510783461!BALLISTIC COVER WEL","941dcf52-4da5-2f38-dedd-42db8381071f-C","SAM/USASpending CA-scope harvest"
